{
  "period": 20,
  "std_dev_multiplier": 1.97963107444537,
  "stop_loss": 0.07100576897673394,
  "trailing_stop": 0,
  "risk_percent": 0.09327246048815756,
  "mean_reversion": 1,
  "metadata": {
    "best_test_return": 502.5140863095944,
    "optimized_at": "2026-02-13T20:11:27.543Z"
  }
}