{
  "period": 20,
  "std_dev_multiplier": 1.9897977611690267,
  "stop_loss": 0.07648039212984087,
  "trailing_stop": 0,
  "risk_percent": 0.2708044085342236,
  "mean_reversion": 1,
  "metadata": {
    "best_test_return": 14.225503966280144,
    "optimized_at": "2026-02-13T20:25:40.214Z"
  }
}