{
  "period": 15,
  "std_dev_multiplier": 1.7952977213894998,
  "stop_loss": 0.010456429051205363,
  "trailing_stop": 1,
  "risk_percent": 0.26396585367563874,
  "mean_reversion": 1,
  "metadata": {
    "best_test_return": 49.39553475200337,
    "optimized_at": "2026-02-14T13:24:44.251Z"
  }
}