{
  "fast_period": 40,
  "slow_period": 200,
  "stop_loss": 0.09396974564459555,
  "trailing_stop": 0,
  "risk_percent": 0.10171203107317117,
  "metadata": {
    "best_test_return": -19.987451058122474,
    "optimized_at": "2026-02-13T20:24:52.797Z"
  }
}