{
  "fast_period": 100,
  "slow_period": 280,
  "stop_loss": 0.10696002542581247,
  "trailing_stop": 0,
  "risk_percent": 0.19032694974304426,
  "metadata": {
    "best_test_return": 31.75303967074251,
    "optimized_at": "2026-02-13T20:48:58.642Z"
  }
}