{
  "fast_period": 20,
  "slow_period": 100,
  "stop_loss": 0.056587194449891604,
  "trailing_stop": 0,
  "risk_percent": 0.501354717080779,
  "metadata": {
    "best_test_return": -9.589914548478191,
    "optimized_at": "2026-02-14T13:24:05.636Z"
  }
}