{
  "fast_period": 50,
  "slow_period": 160,
  "stop_loss": 0.04889507569963137,
  "trailing_stop": 1,
  "risk_percent": 0.15827552716445129,
  "metadata": {
    "best_test_return": 11.532772723627886,
    "optimized_at": "2026-02-13T20:26:53.199Z"
  }
}