{
  "fast_period": 90,
  "slow_period": 280,
  "stop_loss": 0.05408246023136212,
  "trailing_stop": 0,
  "risk_percent": 0.1395188127590956,
  "metadata": {
    "best_test_return": 23.988696706194332,
    "optimized_at": "2026-02-13T20:16:11.239Z"
  }
}