{
  "fast_period": 80,
  "slow_period": 240,
  "stop_loss": 0.11230750537078303,
  "trailing_stop": 0,
  "risk_percent": 0.13730790211373933,
  "metadata": {
    "best_test_return": -1.426387416924399,
    "optimized_at": "2026-02-13T20:08:24.321Z"
  }
}