{
  "fast_period": 100,
  "slow_period": 300,
  "stop_loss": 0.13621403907653493,
  "trailing_stop": 0,
  "risk_percent": 0.1,
  "metadata": {
    "best_test_return": 7.057451927230318,
    "optimized_at": "2026-02-13T20:44:31.995Z"
  }
}