{
  "fast_period": 70,
  "slow_period": 180,
  "stop_loss": 0.03721424621677781,
  "trailing_stop": 0,
  "risk_percent": 0.7458280246149834,
  "metadata": {
    "best_test_return": 48.95356276336702,
    "optimized_at": "2026-02-14T00:36:09.705Z"
  }
}