{
  "stoch_k_period": 14,
  "stoch_oversold": 16,
  "stoch_overbought": 86,
  "support_threshold": 0.02227797566845629,
  "resistance_threshold": 0.9898582995377699,
  "stop_loss": 0.079737214693866,
  "profit_target": 0.1747086516246179,
  "max_hold_bars": 24,
  "risk_percent": 0.2747139483203906,
  "sr_lookback": 60
}