{
  "channel_period": 11,
  "channel_width": 0.44711490746919913,
  "stop_loss": 0.13708458942711854,
  "trailing_stop": 0.09114779007085268,
  "risk_percent": 0.22933677857132542,
  "metadata": {
    "best_test_return": 174.57203716221693,
    "optimized_at": "2026-02-15T15:25:23.678Z"
  }
}