{
  "base_lookback": 16,
  "min_lookback": 10,
  "max_lookback": 44,
  "volatility_period": 16,
  "bounce_threshold": 0.03242353717364905,
  "stoch_k_period": 16,
  "stoch_d_period": 4,
  "stoch_oversold": 24,
  "stoch_overbought": 86,
  "trend_period": 27,
  "trend_threshold": -0.011545220820427696,
  "min_bounce_bars": 2,
  "stop_loss": 0.0889560158631249,
  "trailing_stop": 0.0724248322012931,
  "profit_target": 0.2081089966817203,
  "partial_profit_target": 0.08155944841616043,
  "partial_exit_pct": 0.42311402304530393,
  "max_hold_bars": 36,
  "risk_percent": 0.2842687060727694,
  "metadata": {
    "best_test_return": -34.22587622140168,
    "optimized_at": "2026-02-15T21:57:35.277Z"
  }
}