{
  "macd_fast": 12,
  "macd_slow": 26,
  "macd_signal": 9,
  "support_threshold": 0.006898756610808059,
  "stop_loss": 0.06287217553885176,
  "profit_target": 0.18711725293722062,
  "max_hold_bars": 28,
  "risk_percent": 0.29291673591736017,
  "sr_lookback": 50
}