{
  "lookback": 24,
  "bounce_threshold": 0.022178521356084557,
  "stop_loss": 0.05933719263040645,
  "risk_percent": 0.34788792552857817,
  "take_profit": 0.15196569102915938,
  "metadata": {
    "best_test_return": 61.35942558599436,
    "optimized_at": "2026-02-18T23:30:16.217Z"
  }
}