{
  "consec_bars": 3,
  "exit_bars": 3,
  "stop_loss": 0.04988776058077583,
  "trailing_stop": 0.012967888794903883,
  "risk_percent": 0.24898925091676893,
  "metadata": {
    "best_test_return": -65.40129297155443,
    "optimized_at": "2026-02-15T16:01:40.881Z"
  }
}