{
  "rsi_period": 6,
  "divergence_lookback": 15,
  "oversold": 30,
  "overbought": 70,
  "stop_loss": 0.06018874224545831,
  "risk_percent": 0.26991486785812235,
  "metadata": {
    "best_test_return": 113.65094312001884,
    "optimized_at": "2026-02-15T16:18:21.320Z"
  }
}