{
  "sr_lookback": 45,
  "support_buffer": 0.02084381215045189,
  "ma_scale_1": 3,
  "ma_scale_2": 10,
  "ma_scale_3": 30,
  "ma_scale_4": 42,
  "energy_smooth_window": 18,
  "lf_dom_ratio_threshold": 1.8508967072445046,
  "min_lf_energy": 0.00004546429288492893,
  "reversal_mom_period": 1,
  "reversal_prev_floor": -0.005908426140657774,
  "reversal_confirm": 0.0011735073377322277,
  "hf_spike_window": 18,
  "hf_spike_multiplier": 2.1617399868557823,
  "hf_ratio_exit_threshold": 1.020421325286093,
  "stop_loss": 0.07065108299185832,
  "profit_target": 0.2013702987942836,
  "max_hold_bars": 32,
  "risk_percent": 0.2259317582958281
}