{
  "momentum_period": 12,
  "momentum_threshold": 0.04009858405037541,
  "volatility_period": 16,
  "volatility_multiplier": 1.029382503409287,
  "ema_period": 20,
  "stop_loss": 0.04137292299066513,
  "trailing_stop": 0.049122394399903,
  "risk_percent": 0.24086561519002492,
  "metadata": {
    "best_test_return": 265.6432892359103,
    "optimized_at": "2026-02-15T17:19:28.231Z"
  }
}