{
  "lookback": 32,
  "bounce_threshold": 0.02077338053643874,
  "stop_loss": 0.06608580456695119,
  "risk_percent": 0.348637335087876,
  "take_profit": 0.15964736849822236,
  "metadata": {
    "best_test_return": 186.19267602762852,
    "optimized_at": "2026-02-18T23:54:00.734Z"
  }
}