{
  "sr_lookback": 55,
  "stoch_k_period": 12,
  "stoch_oversold": 18,
  "min_velocity": 7,
  "support_buffer": 0.011339281445825421,
  "stop_loss": 0.08330181985512077,
  "profit_target": 0.21725313500998134,
  "max_hold_bars": 28,
  "risk_percent": 0.2145670684224414
}