{
  "stoch_k_period": 14,
  "stoch_d_period": 3,
  "stoch_oversold": 16,
  "stoch_k_rise_min": 2.974694349726471,
  "break_below_support_pct": 0.011576100217796358,
  "reclaim_within_bars": 6,
  "support_reclaim_buffer": 0.004130269332148478,
  "resistance_threshold": 0.9695609032383123,
  "stop_loss": 0.09255367651748592,
  "profit_target": 0.18356003482588323,
  "max_hold_bars": 32,
  "risk_percent": 0.26642146885945583,
  "sr_lookback": 55
}