{
  "base_lookback": 24,
  "min_lookback": 12,
  "max_lookback": 44,
  "volatility_period": 12,
  "bounce_threshold": 0.02761780805284729,
  "stoch_k_period": 22,
  "stoch_d_period": 5,
  "stoch_oversold": 18,
  "stoch_overbought": 90,
  "trend_period": 20,
  "trend_threshold": -0.007044047246551126,
  "momentum_period": 3,
  "momentum_threshold": 0.007131132796341496,
  "min_bounce_bars": 1,
  "stop_loss": 0.0829766661141336,
  "trailing_stop": 0.0605421782509659,
  "profit_target": 0.1204143293349342,
  "max_hold_bars": 36,
  "risk_percent": 0.27379556915590336,
  "metadata": {
    "best_test_return": 0,
    "optimized_at": "2026-02-15T21:09:08.055Z"
  }
}