{
  "bb_period": 20,
  "bb_stddev_mult": 1.8132002851105171,
  "rsi_period": 18,
  "rsi_oversold": 20,
  "rsi_overbought": 60,
  "stop_loss": 0.03607086477136109,
  "trailing_stop": 0.04051422862977873,
  "risk_percent": 0.14836412675320537,
  "metadata": {
    "best_test_return": 423.7084196190283,
    "optimized_at": "2026-02-15T16:51:37.242Z"
  }
}