{
  "sr_lookback": 50,
  "stoch_k_period": 16,
  "stoch_oversold": 14,
  "momentum_lookback": 4,
  "min_profit_target": 0.08304459456393258,
  "max_profit_target": 0.24578340375830737,
  "target_capture_ratio": 0.7215447436450487,
  "stop_loss": 0.06450718155157546,
  "max_hold_bars": 24,
  "risk_percent": 0.2960024268088233
}