{
  "base_lookback": 24,
  "min_lookback": 8,
  "max_lookback": 35,
  "volatility_period": 10,
  "bounce_threshold": 0.022736483313079373,
  "stoch_k_period": 16,
  "stoch_d_period": 4,
  "stoch_oversold": 24,
  "stoch_overbought": 84,
  "trend_period": 24,
  "trend_threshold": 0.001659456224258814,
  "momentum_period": 4,
  "momentum_threshold": 0.006711115121573168,
  "min_bounce_bars": 3,
  "stop_loss": 0.05432429266691841,
  "trailing_stop": 0.057899141229180356,
  "risk_percent": 0.2499728976354412,
  "metadata": {
    "best_test_return": 0,
    "optimized_at": "2026-02-15T20:11:33.347Z"
  }
}