{
  "lookback": 15,
  "bounce_threshold": 0.03670385961636083,
  "stoch_k_period": 14,
  "stoch_d_period": 4,
  "stoch_oversold": 25,
  "stoch_overbought": 65,
  "stop_loss": 0.09874624846938701,
  "trailing_stop": 0.04885408168984868,
  "risk_percent": 0.15198258106568246,
  "metadata": {
    "best_test_return": 236.37332162129178,
    "optimized_at": "2026-02-15T17:19:35.289Z"
  }
}