{
  "sr_lookback": 50,
  "support_buffer": 0.011524679646834624,
  "stoch_period": 12,
  "short_mom_period": 3,
  "long_mom_period": 16,
  "zscore_window": 24,
  "feature_clip": 0.07901443576077266,
  "pool_size": 10,
  "mutate_interval_bars": 12,
  "mutate_rate": 0.2084721174695285,
  "crossover_bias": 0.6435192548270035,
  "elite_count": 4,
  "score_decay": 0.9505681645254714,
  "score_gain": 0.5819205622732303,
  "champion_entry_conf": 0.6339507545814264,
  "champion_min_score": 0.18056316517107854,
  "confidence_collapse": 0.3802888053831309,
  "collapse_from_entry_delta": 0.3436642784513198,
  "stop_loss": 0.06936228903271918,
  "profit_target": 0.18161735731886597,
  "max_hold_bars": 36,
  "risk_percent": 0.2339115077413733
}