{
  "ma_period": 11,
  "rsi_period": 8,
  "deviation_threshold": 0.04684804508689981,
  "rsi_oversold": 30,
  "rsi_overbought": 85,
  "stop_loss": 0.05331854507113367,
  "risk_percent": 0.19431117223567868,
  "metadata": {
    "best_test_return": -264.6663517714114,
    "optimized_at": "2026-02-15T15:46:22.324Z"
  }
}