{
  "lookback": 20,
  "bounce_threshold": 0.021089279461475385,
  "stop_loss": 0.08818606560017107,
  "risk_percent": 0.35,
  "take_profit": 0.16307246707265674,
  "metadata": {
    "best_test_return": 186.6874735546569,
    "optimized_at": "2026-02-18T23:21:32.849Z"
  }
}