{
  "lookback": 24,
  "bounce_threshold": 0.02040909498657432,
  "stop_loss": 0.06354098940966534,
  "risk_percent": 0.35,
  "take_profit": 0.1186231118139642,
  "metadata": {
    "best_test_return": 188.04581862091914,
    "optimized_at": "2026-02-18T23:47:49.195Z"
  }
}