{
  "lookback": 36,
  "bounce_threshold": 0.015183378874880325,
  "stop_loss": 0.09447731147930574,
  "risk_percent": 0.35,
  "take_profit": 0.08261387567895967,
  "metadata": {
    "best_test_return": 130.20955804226583,
    "optimized_at": "2026-02-18T23:50:27.922Z"
  }
}