{
  "lookback": 32,
  "bounce_threshold": 0.015488199829204375,
  "stop_loss": 0.06953964342255373,
  "risk_percent": 0.34842697711110543,
  "take_profit": 0.1815524266547329,
  "metadata": {
    "best_test_return": 129.91223672022988,
    "optimized_at": "2026-02-18T23:55:02.230Z"
  }
}