{
  "base_lookback": 16,
  "min_lookback": 8,
  "max_lookback": 40,
  "volatility_period": 8,
  "bounce_threshold": 0.030612420787044826,
  "rsi_period": 18,
  "rsi_oversold": 27,
  "rsi_overbought": 78,
  "trend_period": 16,
  "trend_threshold": -0.008,
  "momentum_period": 4,
  "momentum_threshold": 0.008,
  "min_bounce_bars": 1,
  "stop_loss": 0.09046374943886087,
  "trailing_stop": 0.07204612367849864,
  "profit_target": 0.1,
  "max_hold_bars": 36,
  "risk_percent": 0.27334313880599054,
  "metadata": {
    "best_test_return": 1.4971654529400666,
    "optimized_at": "2026-02-15T21:46:47.075Z"
  }
}