{
  "lookback": 16,
  "bounce_threshold": 0.020728699666746404,
  "stop_loss": 0.06770937842830761,
  "risk_percent": 0.35,
  "take_profit": 0.2,
  "metadata": {
    "best_test_return": 186.6874735546569,
    "optimized_at": "2026-02-18T23:48:49.799Z"
  }
}