{
  "lookback": 28,
  "bounce_threshold": 0.015597887987445443,
  "stop_loss": 0.08382180070102715,
  "risk_percent": 0.34949436187865135,
  "take_profit": 0.07095380287465289,
  "metadata": {
    "best_test_return": 130.11423655798694,
    "optimized_at": "2026-02-18T23:41:44.733Z"
  }
}