{
  "lookback": 36,
  "bounce_threshold": 0.021102052169066417,
  "stop_loss": 0.06476543845647832,
  "risk_percent": 0.34978378784472264,
  "take_profit": 0.10440793363102611,
  "metadata": {
    "best_test_return": 188.87250465787338,
    "optimized_at": "2026-02-18T23:31:19.218Z"
  }
}