{
  "stoch_k_period": 14,
  "stoch_oversold": 18,
  "stoch_overbought": 84,
  "stop_loss": 0.08009483073048862,
  "profit_target": 0.217962074366324,
  "max_hold_bars": 16,
  "risk_percent": 0.2854677682789155
}