{
  "sr_lookback": 50,
  "min_under_bars": 2,
  "max_under_bars": 4,
  "reclaim_buffer": 0.004283339333020093,
  "stoch_k_period": 14,
  "stoch_oversold": 16,
  "stop_loss": 0.06637366859025381,
  "profit_target": 0.1770117804035715,
  "max_hold_bars": 24,
  "risk_percent": 0.27289609961508215
}