{
  "lookback_bars": 30,
  "compression_threshold": 0.5157285597252431,
  "change_threshold": 0.013925330238545463,
  "stoch_oversold": 16,
  "stop_loss": 0.060433515219017936,
  "profit_target": 0.20695571266300555,
  "max_hold_bars": 32,
  "risk_percent": 0.2901660533799166,
  "sr_lookback": 60
}