{
  "momentum_period": 8,
  "momentum_threshold": 0.03572645261196059,
  "volatility_period": 16,
  "volatility_multiplier": 1.0206176780315108,
  "stop_loss": 0.043261697259960936,
  "trailing_stop": 0.034229908596733846,
  "risk_percent": 0.19366381063574375,
  "metadata": {
    "best_test_return": 226.55331126300052,
    "optimized_at": "2026-02-15T17:06:51.159Z"
  }
}