{
  "k_period": 13,
  "d_period": 6,
  "oversold": 25,
  "overbought": 80,
  "stop_loss": 0.10880082616272405,
  "risk_percent": 0.2990688846995291,
  "metadata": {
    "best_test_return": 864.2744873067179,
    "optimized_at": "2026-02-15T15:01:56.433Z"
  }
}