{
  "base_lookback": 20,
  "min_lookback": 12,
  "max_lookback": 35,
  "volatility_period": 12,
  "bounce_threshold": 0.03973327124758298,
  "stoch_k_period": 16,
  "stoch_d_period": 4,
  "stoch_oversold": 25,
  "stoch_overbought": 64,
  "short_trend_period": 6,
  "long_trend_period": 55,
  "short_trend_threshold": -0.015604618679660055,
  "long_trend_threshold": -0.06682090260994357,
  "stop_loss": 0.06700153426484358,
  "trailing_stop": 0.0573822944024234,
  "risk_percent": 0.1907636027462613,
  "metadata": {
    "best_test_return": -84.59492203775301,
    "optimized_at": "2026-02-15T19:49:48.559Z"
  }
}