{
  "sr_lookback": 55,
  "narrow_window": 10,
  "narrow_ratio_max": 0.7185994692594155,
  "body_ratio_min": 0.4461402850510885,
  "stoch_k_period": 12,
  "stoch_trigger": 16,
  "stop_loss": 0.07760858357649288,
  "profit_target": 0.19298998487189742,
  "max_hold_bars": 20,
  "risk_percent": 0.2666238009252949
}