{
  "stoch_k_period": 18,
  "stoch_d_period": 3,
  "stoch_oversold": 16,
  "stoch_overbought": 84,
  "support_threshold": 0.01592096617647513,
  "resistance_threshold": 0.9627165392750905,
  "stop_loss": 0.07487012963855963,
  "profit_target": 0.1732885832278052,
  "max_hold_bars": 28,
  "risk_percent": 0.2806750754980794,
  "sr_lookback": 50
}