{
  "stoch_k_period": 18,
  "stoch_d_period": 3,
  "stoch_oversold": 16,
  "stoch_overbought": 84,
  "support_threshold": 0.016332385182581396,
  "resistance_threshold": 0.9662858998778189,
  "stop_loss": 0.08511906677667125,
  "profit_target": 0.197959229109319,
  "max_hold_bars": 32,
  "risk_percent": 0.25328661949329473,
  "sr_lookback": 52
}