{
  "stoch_k_period": 14,
  "stoch_oversold": 16,
  "stoch_overbought": 86,
  "support_threshold": 0.035963731195145204,
  "resistance_threshold": 0.9667935697689362,
  "stop_loss": 0.08080974512798268,
  "profit_target": 0.16577517050856172,
  "max_hold_bars": 24,
  "risk_percent": 0.2858078902655756,
  "sr_lookback": 60
}