{
  "base_lookback": 20,
  "min_lookback": 10,
  "max_lookback": 35,
  "volatility_period": 10,
  "bounce_threshold": 0.047044312633270365,
  "stoch_k_period": 14,
  "stoch_d_period": 4,
  "stoch_oversold": 25,
  "stoch_overbought": 65,
  "stop_loss": 0.09211926365816811,
  "trailing_stop": 0.04981187315713288,
  "profit_target": 0.08250494843015255,
  "max_hold_bars": 30,
  "risk_percent": 0.2198934227078569,
  "metadata": {
    "best_test_return": -27.579033078444468,
    "optimized_at": "2026-02-15T17:57:40.972Z"
  }
}