{
  "rec_lookback": 24,
  "rec_threshold": 0.021140591777819566,
  "rec_rate_threshold": 0.4674403122549417,
  "rec_rate_low": 0.4480527172975822,
  "lookback": 40,
  "stoch_k_period": 14,
  "stoch_oversold": 14,
  "stoch_overbought": 86,
  "stoch_rebound_delta": 2,
  "sr_lookback": 45,
  "support_buffer": 0.021864189008555784,
  "support_reclaim_buffer": 0.00946944343879086,
  "stop_loss": 0.09903880067145213,
  "profit_target": 0.17817247590859023,
  "max_hold_bars": 20,
  "risk_percent": 0.27641790913320813
}