{
  "sr_lookback": 50,
  "support_buffer": 0.011442695145955448,
  "trend_short_period": 2,
  "trend_long_period": 12,
  "zscore_window": 20,
  "volatility_window": 14,
  "trend_mom_weight": 1.2652398165164656,
  "trend_breakout_weight": 0.8432270050701425,
  "trend_overheat_penalty": 0.7711993694983834,
  "mr_reversion_weight": 1.1677046318978177,
  "mr_support_weight": 0.9384583087110927,
  "mr_chase_penalty": 0.8157371945763954,
  "trend_coupling": 0.9358997416400507,
  "mr_coupling": 1.40742204873175,
  "game_temperature": 1.3504197995960645,
  "game_iterations": 2,
  "equilibrium_long_threshold": 0.6391727532925368,
  "equilibrium_defensive_threshold": 0.32375667092132854,
  "consensus_weight_trend": 1.3071423084831033,
  "consensus_weight_mr": 1.641405299208096,
  "stop_loss": 0.07167117601628814,
  "profit_target": 0.14190882224989498,
  "max_hold_bars": 36,
  "risk_percent": 0.27340276443533473
}