{
  "stoch_k_period": 14,
  "stoch_d_period": 3,
  "stoch_oversold": 18,
  "stoch_overbought": 84,
  "support_threshold": 0.01,
  "resistance_threshold": 0.9623137647517159,
  "stop_loss": 0.0906734036759374,
  "profit_target": 0.16210176721230177,
  "max_hold_bars": 24,
  "risk_percent": 0.29595193356050753,
  "sr_lookback": 55
}