{
  "lookback": 24,
  "bounce_threshold": 0.0210720281926662,
  "stop_loss": 0.06742166974612442,
  "risk_percent": 0.3477094698913104,
  "take_profit": 0.1484858901839005,
  "metadata": {
    "best_test_return": 185.85476290746715,
    "optimized_at": "2026-02-18T23:52:33.531Z"
  }
}