{
  "rsi_period": 2,
  "divergence_lookback": 10,
  "oversold": 40,
  "overbought": 60,
  "stop_loss": 0.07720104677706055,
  "risk_percent": 0.3824395847795451,
  "metadata": {
    "best_test_return": -5.187706562953508,
    "optimized_at": "2026-02-15T16:21:16.243Z"
  }
}