{
  "lookback": 24,
  "bounce_threshold": 0.020461665199551646,
  "stop_loss": 0.05514292258553656,
  "risk_percent": 0.3494269610197629,
  "take_profit": 0.11592870561918688,
  "metadata": {
    "best_test_return": 171.38535102674246,
    "optimized_at": "2026-02-18T23:25:04.036Z"
  }
}