{
  "lookback": 20,
  "bounce_threshold": 0.020929363660207274,
  "stop_loss": 0.0640829864444025,
  "risk_percent": 0.34898408752290977,
  "take_profit": 0.16635013672495877,
  "metadata": {
    "best_test_return": 188.57700584203394,
    "optimized_at": "2026-02-18T23:23:57.504Z"
  }
}