{
  "base_lookback": 20,
  "min_lookback": 8,
  "max_lookback": 40,
  "volatility_period": 10,
  "bounce_threshold": 0.028859378461945685,
  "stoch_k_period": 14,
  "stoch_d_period": 3,
  "stoch_oversold": 20,
  "stoch_overbought": 72,
  "trend_period": 25,
  "trend_threshold": 0,
  "stop_loss": 0.08992487823624166,
  "trailing_stop": 0.0483778811291649,
  "risk_percent": 0.19310912546320463,
  "metadata": {
    "best_test_return": -158.7508290450487,
    "optimized_at": "2026-02-15T18:12:44.762Z"
  }
}