{
  "lookback": 28,
  "bounce_threshold": 0.015524393924703839,
  "stop_loss": 0.05582232900561417,
  "risk_percent": 0.3489425655875378,
  "take_profit": 0.06398709374473854,
  "metadata": {
    "best_test_return": 120.21257759745413,
    "optimized_at": "2026-02-18T23:22:45.758Z"
  }
}