{
  "imf_lookback": 50,
  "imf_energy_ratio_threshold": 0.8124345161664223,
  "imf_trend_threshold": 0.019362113824237505,
  "lookback": 45,
  "stoch_k_period": 14,
  "stoch_oversold": 16,
  "stoch_overbought": 86,
  "stoch_rebound_delta": 2,
  "sr_lookback": 50,
  "support_buffer": 0.027977454406851683,
  "support_reclaim_buffer": 0.008844826260760694,
  "stop_loss": 0.0821190847611178,
  "profit_target": 0.191265174121022,
  "max_hold_bars": 24,
  "risk_percent": 0.2942594279983499
}