{
  "k_period": 7,
  "d_period": 3,
  "oversold": 20,
  "overbought": 80,
  "stop_loss": 0.09060646647076648,
  "risk_percent": 0.265901218715471,
  "metadata": {
    "best_test_return": 218.8590843889301,
    "optimized_at": "2026-02-15T15:05:02.615Z"
  }
}