{
  "base_lookback": 20,
  "min_lookback": 8,
  "max_lookback": 35,
  "volatility_period": 8,
  "base_bounce_threshold": 0.03406503040555213,
  "vol_bounce_scale": 1.5,
  "stoch_k_period": 14,
  "stoch_d_period": 4,
  "stoch_oversold": 25,
  "stoch_overbought": 75,
  "stop_loss": 0.09265261951058491,
  "trailing_stop": 0.042368636171135274,
  "risk_percent": 0.1687934698365757,
  "metadata": {
    "best_test_return": 16.485958846081076,
    "optimized_at": "2026-02-15T17:57:29.023Z"
  }
}