{
  "k_period": 7,
  "d_period": 3,
  "oversold": 20,
  "overbought": 75,
  "stop_loss": 0.08973073086386144,
  "risk_percent": 0.23381311206225655,
  "metadata": {
    "best_test_return": 135.46117338487943,
    "optimized_at": "2026-02-15T14:48:20.600Z"
  }
}