{
  "stoch_k_period": 14,
  "stoch_d_period": 3,
  "stoch_oversold": 16,
  "stoch_overbought": 84,
  "support_threshold": 0.017566906633516406,
  "resistance_threshold": 0.9879471010315413,
  "stop_loss": 0.08319538423898011,
  "profit_target": 0.1720061104890664,
  "max_hold_bars": 24,
  "risk_percent": 0.2612516653195177,
  "sr_lookback": 45
}