{
  "base_lookback": 24,
  "min_lookback": 8,
  "max_lookback": 40,
  "volatility_period": 14,
  "base_bounce_threshold": 0.02627655668321966,
  "vol_bounce_scale": 2.542678762920805,
  "stoch_k_period": 14,
  "stoch_d_period": 4,
  "stoch_oversold": 30,
  "stoch_overbought": 72,
  "stop_loss": 0.08778404189139359,
  "trailing_stop": 0.045043958552574946,
  "profit_target": 0.08693025919762566,
  "risk_percent": 0.1972588419301494,
  "metadata": {
    "best_test_return": -103.70403586079112,
    "optimized_at": "2026-02-15T19:45:08.337Z"
  }
}