{
  "stoch_k_period": 14,
  "stoch_d_period": 3,
  "stoch_oversold": 14,
  "stoch_overbought": 84,
  "support_threshold": 0.005754398976819238,
  "resistance_threshold": 0.9665585208825745,
  "stop_loss": 0.08957293384023285,
  "profit_target": 0.17889058263793015,
  "max_hold_bars": 24,
  "risk_percent": 0.2966335283947086,
  "sr_lookback": 55
}