{
  "lookback": 36,
  "bounce_threshold": 0.015886204914938827,
  "stop_loss": 0.08432338770096794,
  "risk_percent": 0.34994804698599374,
  "take_profit": 0.16837443545314218,
  "metadata": {
    "best_test_return": 130.19977494072486,
    "optimized_at": "2026-02-18T23:57:19.250Z"
  }
}