{
  "stoch_k_period": 14,
  "stoch_d_period": 3,
  "stoch_oversold": 14,
  "stoch_overbought": 88,
  "support_threshold": 0.00696812227767881,
  "resistance_threshold": 0.9619529486163214,
  "stop_loss": 0.09015586434386642,
  "profit_target": 0.16731999872918127,
  "max_hold_bars": 20,
  "risk_percent": 0.2,
  "sr_lookback": 51
}