{
  "base_lookback": 15,
  "min_lookback": 10,
  "max_lookback": 50,
  "volatility_period": 12,
  "bounce_threshold": 0.04935856581619964,
  "stoch_k_period": 18,
  "stoch_d_period": 4,
  "stoch_oversold": 28,
  "stoch_overbought": 76,
  "momentum_period": 3,
  "momentum_min": 0.005228260174752189,
  "stop_loss": 0.09516471038501509,
  "trailing_stop": 0.049652691086820154,
  "risk_percent": 0.19712848597447508,
  "metadata": {
    "best_test_return": 38.40788059388251,
    "optimized_at": "2026-02-15T17:57:29.163Z"
  }
}