{
  "ma_period": 4,
  "rsi_period": 3,
  "deviation_threshold": 0.04537315339833295,
  "rsi_oversold": 40,
  "rsi_overbought": 65,
  "stop_loss": 0.03766187232302498,
  "risk_percent": 0.2421879137715644,
  "metadata": {
    "best_test_return": -76.74113643468354,
    "optimized_at": "2026-02-15T15:37:34.074Z"
  }
}