{
  "base_lookback": 16,
  "min_lookback": 6,
  "max_lookback": 36,
  "volatility_period": 8,
  "bounce_threshold": 0.021227326568678425,
  "stoch_k_period": 10,
  "stoch_d_period": 3,
  "stoch_oversold": 18,
  "stoch_overbought": 92,
  "trend_period": 24,
  "trend_threshold": -0.005251532565494997,
  "momentum_period": 2,
  "momentum_threshold": 0.005067168141083699,
  "min_bounce_bars": 1,
  "stop_loss": 0.07314953428914932,
  "trailing_stop": 0.05009844530957368,
  "profit_target": 0.1801875442053927,
  "max_hold_bars": 40,
  "risk_percent": 0.25807629545429833,
  "metadata": {
    "best_test_return": 0,
    "optimized_at": "2026-02-15T21:06:26.624Z"
  }
}