{
  "stoch_k_period": 16,
  "stoch_d_period": 5,
  "stoch_oversold": 22,
  "stop_loss": 0.07453507798296612,
  "profit_target": 0.1968834101333336,
  "max_hold_bars": 32,
  "risk_percent": 0.3
}