{
  "sr_lookback": 55,
  "stoch_k_period": 14,
  "stoch_oversold": 20,
  "spread_entry_threshold": 0.022880294638849837,
  "spread_exit_multiplier": 2.16989823115618,
  "stop_loss": 0.06162335477182065,
  "profit_target": 0.16308870463894257,
  "max_hold_bars": 32,
  "risk_percent": 0.2672551557060548
}