{
  "lookback": 32,
  "bounce_threshold": 0.021252255734516383,
  "stop_loss": 0.079064146256379,
  "risk_percent": 0.3489609195222682,
  "take_profit": 0.07292009062650354,
  "metadata": {
    "best_test_return": 186.31033034637835,
    "optimized_at": "2026-02-18T23:46:47.000Z"
  }
}