{
  "stoch_k_period": 14,
  "stoch_oversold": 16,
  "stoch_overbought": 88,
  "support_threshold": 0.03617198765954279,
  "resistance_threshold": 0.9669949179038718,
  "stop_loss": 0.09372023410154612,
  "profit_target": 0.18570849926645044,
  "max_hold_bars": 24,
  "risk_percent": 0.29495299715580164,
  "sr_lookback": 60
}