{
  "sr_lookback": 50,
  "support_buffer": 0.020181872944023058,
  "support_reclaim_buffer": 0.008928509354378862,
  "stoch_k_period": 16,
  "stoch_oversold": 16,
  "stoch_rebound_delta": 2,
  "trajectory_embed_len": 8,
  "divergence_horizon": 3,
  "divergence_window": 36,
  "neighbor_tolerance": 0.011931552987107304,
  "min_pair_count": 9,
  "divergence_spike_threshold": 0.20607844820289864,
  "collapse_lookback": 5,
  "divergence_cool_ratio": 0.7930100586015798,
  "divergence_drop_min": 0.15460937677872277,
  "divergence_reaccel_delta": 0.07903934023940215,
  "divergence_reaccel_threshold": 0.4287569678880191,
  "resistance_exit_buffer": 0.9753807045342925,
  "stop_loss": 0.07528594543620594,
  "profit_target": 0.18618888530662628,
  "max_hold_bars": 32,
  "risk_percent": 0.29930195201116266
}