{
  "lookback": 24,
  "bounce_threshold": 0.0215688087827334,
  "stop_loss": 0.06542989439704355,
  "risk_percent": 0.34270576240537004,
  "take_profit": 0.07487513232615213,
  "metadata": {
    "best_test_return": 186.23631128279158,
    "optimized_at": "2026-02-18T23:40:41.175Z"
  }
}