{
  "lookback": 35,
  "bounce_threshold": 0.021566539990090505,
  "stop_loss": 0.06,
  "risk_percent": 0.37,
  "take_profit": 0.10940510535347535,
  "metadata": {
    "best_test_return": 196.62753083289022,
    "optimized_at": "2026-02-19T00:13:12.126Z"
  }
}