{
  "stoch_k_period": 18,
  "stoch_d_period": 3,
  "stoch_oversold": 16,
  "stoch_overbought": 82,
  "support_threshold": 0.016126517419811266,
  "resistance_threshold": 0.957786981294745,
  "stop_loss": 0.08924763933504846,
  "profit_target": 0.16797822341842972,
  "max_hold_bars": 32,
  "risk_percent": 0.29717102340391255,
  "sr_lookback": 55
}