{
  "bb_period": 18,
  "rsi_period": 9,
  "std_mult": 2.042348831876443,
  "rsi_oversold": 25,
  "rsi_overbought": 85,
  "stop_loss": 0.14155111517549082,
  "risk_percent": 0.3220284338284239,
  "metadata": {
    "best_test_return": 325.50114531143777,
    "optimized_at": "2026-02-15T15:47:36.607Z"
  }
}