{
  "stoch_k_period": 18,
  "stoch_d_period": 3,
  "stoch_oversold": 16,
  "stoch_overbought": 84,
  "support_threshold": 0.01629780224158195,
  "resistance_threshold": 0.9628062195884055,
  "stop_loss": 0.07481125334217428,
  "profit_target": 0.17859181016291745,
  "max_hold_bars": 40,
  "risk_percent": 0.2885838820586251,
  "sr_lookback": 51
}