{
  "channel_period": 15,
  "channel_width": 0.6082902023382082,
  "stop_loss": 0.10754241508211553,
  "trailing_stop": 0.09535104592234822,
  "risk_percent": 0.31389594331828635,
  "metadata": {
    "best_test_return": 21.26387313412522,
    "optimized_at": "2026-02-15T15:35:23.903Z"
  }
}