{
  "z_lookback": 28,
  "z_entry_threshold": 1.5396685394745466,
  "z_exit_threshold": 0.315131661005024,
  "sr_lookback": 55,
  "support_threshold": 0.016709601115076807,
  "stop_loss": 0.07082306604169032,
  "max_hold_bars": 20,
  "risk_percent": 0.28526334208822013
}