{
  "k_period": 12,
  "d_period": 3,
  "oversold": 20,
  "overbought": 95,
  "stop_loss": 0.12348008345156274,
  "risk_percent": 0.30661530087598027,
  "metadata": {
    "best_test_return": 355.1219556657527,
    "optimized_at": "2026-02-15T15:01:30.622Z"
  }
}