{
  "ma_period": 2,
  "rsi_period": 2,
  "deviation_threshold": 0.045,
  "rsi_oversold": 35,
  "rsi_overbought": 80,
  "stop_loss": 0.041286007802466704,
  "risk_percent": 0.2309928379911061,
  "metadata": {
    "best_test_return": -76.34652965437908,
    "optimized_at": "2026-02-15T15:32:17.655Z"
  }
}