{
  "ma_period": 4,
  "rsi_period": 3,
  "deviation_threshold": 0.05942021133394425,
  "rsi_oversold": 35,
  "rsi_overbought": 80,
  "stop_loss": 0.1013063302369049,
  "risk_percent": 0.19430403755281664,
  "metadata": {
    "best_test_return": -94.20460353275905,
    "optimized_at": "2026-02-15T15:53:26.319Z"
  }
}