{
  "consec_bars": 4,
  "exit_bars": 1,
  "stop_loss": 0.08293460382414958,
  "trailing_stop": 0.05872055767215191,
  "risk_percent": 0.27,
  "metadata": {
    "best_test_return": -254.85760269876528,
    "optimized_at": "2026-02-15T16:04:22.892Z"
  }
}