{
  "k_period": 14,
  "d_period": 2,
  "oversold": 15,
  "overbought": 70,
  "rsi_period": 14,
  "rsi_oversold_max": 50,
  "rsi_overbought_min": 55,
  "divergence_lookback": 4,
  "enable_divergence": 0,
  "enable_rsi_confirm": 1,
  "profit_level_1": 0.04470558352775404,
  "profit_level_2": 0.10047239644205277,
  "partial_close_pct_1": 0.5912079265073673,
  "partial_close_pct_2": 0.6028569861517508,
  "stop_loss": 0.06086898998554523,
  "risk_percent": 0.16458305559004108,
  "metadata": {
    "best_test_return": 29.174915528607926,
    "optimized_at": "2026-02-15T16:39:02.454Z"
  }
}