{
  "sr_lookback": 55,
  "support_buffer": 0.021191449086244873,
  "stoch_period": 16,
  "stoch_oversold": 16,
  "stoch_rebound_delta": 6,
  "volatility_window": 16,
  "volatility_floor": 0.005421183851697884,
  "target_volatility": 0.007457447743598756,
  "drawdown_window": 24,
  "drawdown_scale": 0.09935690197320166,
  "vol_risk_ceiling": 0.04722061590077439,
  "risk_state_vol_weight": 0.6758308084111528,
  "risk_state_dd_weight": 0.2659335627465055,
  "risk_deleverage_strength": 0.48427477902530985,
  "min_risk_percent": 0.11283365917590121,
  "max_risk_percent": 0.283149693108072,
  "risk_percent": 0.23953605949029813,
  "forced_exit_risk_state": 0.7397586886747616,
  "resistance_exit_buffer": 0.9943055183886049,
  "stop_loss": 0.08367146591273976,
  "profit_target": 0.21720197135717806,
  "max_hold_bars": 24
}