{
  "lookback": 36,
  "bounce_threshold": 0.014952824498848397,
  "stop_loss": 0.08559086882620014,
  "risk_percent": 0.35,
  "take_profit": 0.17478855863292153,
  "metadata": {
    "best_test_return": 143.15232662111202,
    "optimized_at": "2026-02-18T23:33:09.770Z"
  }
}