{
  "sr_lookback": 45,
  "support_buffer": 0.03,
  "support_reclaim_buffer": 0.007398922658466315,
  "support_touch_window": 20,
  "min_support_touches": 3,
  "particle_count": 70,
  "trend_persistence": 0.9506782095460249,
  "drift_from_recent_return": 9,
  "process_noise": 0.05,
  "observation_window": 6,
  "likelihood_sigma_floor": 0.001,
  "reversal_trend_cutoff": -0.14738348897736717,
  "rebound_return_min": -0.001,
  "posterior_entry_threshold": 0.6361977497946963,
  "posterior_defensive_threshold": 0.458926759638256,
  "resistance_exit_buffer": 0.9912980301291555,
  "stop_loss": 0.1,
  "profit_target": 0.18923736482202563,
  "max_hold_bars": 20,
  "risk_percent": 0.255727479261202
}