{
  "base_lookback": 20,
  "min_lookback": 10,
  "max_lookback": 35,
  "volatility_period": 10,
  "bounce_threshold": 0.030408081839558634,
  "stoch_k_period": 14,
  "stoch_d_period": 3,
  "stoch_oversold": 25,
  "stoch_overbought": 68,
  "range_period": 15,
  "range_multiplier": 1.6,
  "trend_period": 24,
  "trend_threshold": -0.028668344937678145,
  "stop_loss": 0.084485233110352,
  "trailing_stop": 0.07,
  "risk_percent": 0.18222884020222455,
  "metadata": {
    "best_test_return": -119.55321329679623,
    "optimized_at": "2026-02-15T19:48:37.683Z"
  }
}