{
  "consec_bars": 4,
  "exit_bars": 1,
  "stop_loss": 0.0784861484234239,
  "trailing_stop": 0.0594009561670905,
  "risk_percent": 0.29999805173707783,
  "metadata": {
    "best_test_return": -276.97728730552353,
    "optimized_at": "2026-02-15T16:07:22.765Z"
  }
}