{
  "stoch_k_period": 14,
  "stoch_oversold": 16,
  "stoch_overbought": 86,
  "support_threshold": 0.03,
  "resistance_threshold": 0.9892316152527195,
  "stop_loss": 0.09730679970637329,
  "profit_target": 0.18,
  "max_hold_bars": 32,
  "risk_percent": 0.2285648303007126,
  "sr_lookback": 60
}