{
  "stoch_k_period": 18,
  "stoch_d_period": 3,
  "stoch_oversold": 16,
  "stoch_overbought": 84,
  "support_threshold": 0.01606848078733794,
  "stop_loss": 0.06729542600630874,
  "profit_target": 0.19099655374015712,
  "max_hold_bars": 32,
  "risk_percent": 0.20039996802663498,
  "sr_lookback": 50
}