{
  "window_size": 25,
  "latent_dim": 5,
  "reconstruction_error_threshold": 0.075687826878194,
  "anomaly_threshold": 1.6361679235613091,
  "stoch_oversold": 18,
  "stoch_k_period": 14,
  "stop_loss": 0.08636818736566966,
  "profit_target": 0.16967326132951072,
  "max_hold_bars": 32,
  "risk_percent": 0.22009544109266316,
  "sr_lookback": 60
}