{
  "stoch_k_period": 18,
  "stoch_d_period": 3,
  "stoch_oversold": 16,
  "stoch_overbought": 86,
  "support_threshold": 0.016056304099410897,
  "resistance_threshold": 0.9661242178757612,
  "stop_loss": 0.084254450857928,
  "profit_target": 0.17548072302970863,
  "max_hold_bars": 32,
  "risk_percent": 0.27278406056662874,
  "sr_lookback": 51
}