{
  "base_lookback": 20,
  "min_lookback": 14,
  "max_lookback": 36,
  "volatility_period": 12,
  "bounce_threshold": 0.02244551981185699,
  "min_bounce_bars": 1,
  "stop_loss": 0.08723908467779956,
  "trailing_stop": 0.07980659052294471,
  "profit_target": 0.11700569597141783,
  "max_hold_bars": 20,
  "risk_percent": 0.29823724483740566,
  "metadata": {
    "best_test_return": -74.64007036052476,
    "optimized_at": "2026-02-15T21:56:12.470Z"
  }
}