{
  "base_lookback": 20,
  "min_lookback": 8,
  "max_lookback": 35,
  "volatility_period": 12,
  "bounce_threshold": 0.04879184290015775,
  "stoch_k_period": 14,
  "stoch_d_period": 4,
  "stoch_oversold": 25,
  "stoch_overbought": 70,
  "momentum_period": 3,
  "momentum_min": 0.004363060630555321,
  "stop_loss": 0.11935672264498502,
  "trailing_stop": 0.047607654915072836,
  "risk_percent": 0.19211117595816,
  "metadata": {
    "best_test_return": 57.5005619701044,
    "optimized_at": "2026-02-15T17:44:59.066Z"
  }
}