{
  "short_lookback": 9,
  "long_lookback": 25,
  "bounce_threshold": 0.04194979561101651,
  "stoch_k_period": 18,
  "stoch_d_period": 3,
  "stoch_oversold": 25,
  "stoch_overbought": 60,
  "stop_loss": 0.06240454858193068,
  "trailing_stop": 0.049520221764784905,
  "risk_percent": 0.1757182217431301,
  "metadata": {
    "best_test_return": 209.05974792564302,
    "optimized_at": "2026-02-15T17:47:38.651Z"
  }
}