{
  "sr_lookback": 55,
  "stoch_k_period": 16,
  "stoch_oversold": 16,
  "vol_lookback": 32,
  "min_resistance_threshold": 0.962104682591095,
  "max_resistance_threshold": 0.993757603082479,
  "stop_loss": 0.09161339753769412,
  "profit_target": 0.1662351997216183,
  "max_hold_bars": 24,
  "risk_percent": 0.2518747572307934
}