{
  "base_lookback": 18,
  "min_lookback": 8,
  "max_lookback": 40,
  "volatility_period": 8,
  "bounce_threshold": 0.025574894799922112,
  "stoch_k_period": 18,
  "stoch_d_period": 4,
  "stoch_oversold": 20,
  "stoch_overbought": 84,
  "trend_period": 20,
  "trend_threshold": -0.004374065079816325,
  "momentum_period": 3,
  "momentum_threshold": 0.007994874891142175,
  "min_bounce_bars": 1,
  "stop_loss": 0.0681635819056803,
  "trailing_stop": 0.03859391708713599,
  "profit_target": 0.18216313897155315,
  "max_hold_bars": 25,
  "risk_percent": 0.2925753282774346,
  "metadata": {
    "best_test_return": 0,
    "optimized_at": "2026-02-15T21:42:11.187Z"
  }
}