{
  "lookback": 32,
  "bounce_threshold": 0.016050479206356685,
  "stop_loss": 0.06449217969423097,
  "risk_percent": 0.34868933129071966,
  "take_profit": 0.17107326264970288,
  "metadata": {
    "best_test_return": 132.12012549777546,
    "optimized_at": "2026-02-18T23:39:20.518Z"
  }
}