{
  "lookback": 36,
  "bounce_threshold": 0.01587614419706318,
  "stop_loss": 0.054421577429010756,
  "risk_percent": 0.3475415393609596,
  "take_profit": 0.19308427047339102,
  "metadata": {
    "best_test_return": 119.9610250695273,
    "optimized_at": "2026-02-18T23:34:20.780Z"
  }
}