{
  "stoch_k_period": 14,
  "stoch_oversold": 16,
  "stoch_overbought": 82,
  "support_threshold": 0.03650192735124967,
  "resistance_threshold": 0.9501867745165539,
  "stop_loss": 0.09656262053338756,
  "profit_target": 0.16864685758932657,
  "max_hold_bars": 28,
  "risk_percent": 0.3,
  "sr_lookback": 70,
  "momentum_threshold": 0.00870159656120032
}