{
  "stoch_k_period": 14,
  "stoch_d_period": 3,
  "stoch_oversold": 14,
  "stoch_overbought": 84,
  "support_threshold": 0.005302188032443013,
  "resistance_threshold": 0.9636356782248906,
  "stop_loss": 0.07428281176221309,
  "profit_target": 0.1771201899399484,
  "max_hold_bars": 15,
  "risk_percent": 0.20138198461892695,
  "sr_lookback": 51
}