{
  "rsi_period": 6,
  "divergence_lookback": 15,
  "oversold": 30,
  "overbought": 65,
  "stop_loss": 0.07434804989763974,
  "risk_percent": 0.28305124036492746,
  "metadata": {
    "best_test_return": 26.266616668394818,
    "optimized_at": "2026-02-15T14:49:07.134Z"
  }
}