{
  "stoch_k_period": 14,
  "stoch_d_period": 3,
  "stoch_oversold": 14,
  "stoch_overbought": 86,
  "support_threshold": 0.017063753299775906,
  "resistance_threshold": 0.9898512769079505,
  "stop_loss": 0.07314343954417635,
  "profit_target": 0.18238913565074089,
  "max_hold_bars": 24,
  "risk_percent": 0.29962353990981855,
  "sr_lookback": 58
}