{
  "stoch_k_period": 18,
  "stoch_d_period": 3,
  "stoch_oversold": 16,
  "stoch_overbought": 86,
  "support_threshold": 0.01649972128923868,
  "resistance_threshold": 0.965891081474905,
  "stop_loss": 0.08020092408786932,
  "profit_target": 0.19401527126371065,
  "max_hold_bars": 36,
  "risk_percent": 0.2611417416646698,
  "sr_lookback": 52
}