{
  "bb_period": 9,
  "rsi_period": 11,
  "std_mult": 1.1674138707721398,
  "rsi_oversold": 40,
  "rsi_overbought": 60,
  "stop_loss": 0.09206858811356823,
  "risk_percent": 0.22367438410130897,
  "metadata": {
    "best_test_return": -37.751089052717816,
    "optimized_at": "2026-02-15T15:47:22.724Z"
  }
}