{
  "base_lookback": 20,
  "min_lookback": 12,
  "max_lookback": 45,
  "volatility_period": 14,
  "breakout_threshold": 0.010483207706085821,
  "stoch_k_period": 10,
  "stoch_d_period": 5,
  "stoch_min": 30,
  "stoch_overbought": 92,
  "trend_period": 32,
  "trend_threshold": 0.0113616823868928,
  "momentum_period": 2,
  "momentum_threshold": 0.005072875409764232,
  "stop_loss": 0.08,
  "trailing_stop": 0.06,
  "profit_target": 0.10091662297498681,
  "max_hold_bars": 40,
  "risk_percent": 0.2775026103275117,
  "metadata": {
    "best_test_return": -239.61652840140277,
    "optimized_at": "2026-02-15T20:46:55.945Z"
  }
}