{
  "channel_period": 16,
  "channel_width": 0.48080324024686466,
  "stop_loss": 0.10815851763119312,
  "trailing_stop": 0.08745260316418188,
  "risk_percent": 0.28033723619169076,
  "metadata": {
    "best_test_return": 43.8451205037079,
    "optimized_at": "2026-02-15T14:59:00.653Z"
  }
}