{
  "lookback": 36,
  "bounce_threshold": 0.016082064597445114,
  "stop_loss": 0.09412321089739095,
  "risk_percent": 0.34910453647401946,
  "take_profit": 0.07865805603916196,
  "metadata": {
    "best_test_return": 130.04058575707813,
    "optimized_at": "2026-02-18T23:28:21.907Z"
  }
}