{
  "lookback": 16,
  "bounce_threshold": 0.02081927299607284,
  "stop_loss": 0.0644556387622115,
  "risk_percent": 0.347767538520671,
  "take_profit": 0.19074676271795904,
  "metadata": {
    "best_test_return": 188.12633046981227,
    "optimized_at": "2026-02-18T23:35:57.083Z"
  }
}