{
  "stoch_k_period": 18,
  "stoch_d_period": 3,
  "stoch_oversold": 16,
  "stoch_overbought": 84,
  "support_threshold": 0.016264069967864586,
  "resistance_threshold": 0.9625198482828582,
  "stop_loss": 0.07864546642336548,
  "profit_target": 0.1627432825190435,
  "max_hold_bars": 35,
  "risk_percent": 0.21633872809315866,
  "sr_lookback": 51
}