{
  "stoch_k_period": 18,
  "stoch_d_period": 4,
  "stoch_oversold": 18,
  "support_threshold": 0.014199377043325469,
  "stop_loss": 0.07343361661978999,
  "profit_target": 0.1760194344718117,
  "max_hold_bars": 28,
  "risk_percent": 0.2931893957892533,
  "sr_lookback": 50,
  "roc_period": 7,
  "roc_delta_threshold": -0.017376292724518932,
  "roc_exit_min_hold_bars": 6
}