{
  "stoch_k_period": 14,
  "stoch_d_period": 3,
  "stoch_oversold": 18,
  "stoch_overbought": 86,
  "support_threshold": 0.00689474450965345,
  "resistance_threshold": 0.9545169066044661,
  "stop_loss": 0.08996852775505533,
  "profit_target": 0.1889780046153604,
  "max_hold_bars": 32,
  "risk_percent": 0.26651489149261653,
  "sr_lookback": 51
}