{
  "rsi_period": 6,
  "divergence_lookback": 9,
  "oversold": 35,
  "overbought": 65,
  "stop_loss": 0.05919083433582625,
  "risk_percent": 0.19181883189883203,
  "metadata": {
    "best_test_return": -120.86626874477497,
    "optimized_at": "2026-02-15T16:19:02.503Z"
  }
}