{
  "lookback": 6,
  "entry_threshold": 0.0018538684334813804,
  "exit_threshold": 0.01,
  "stop_loss": 0.08449808191465627,
  "trailing_stop": 0.06873766971282946,
  "risk_percent": 0.053094554483088224,
  "metadata": {
    "best_test_return": -19.52644081802589,
    "optimized_at": "2026-02-15T15:27:07.411Z"
  }
}