{
  "consec_bars": 4,
  "exit_bars": 1,
  "stop_loss": 0.06184521109134947,
  "trailing_stop": 0.07910012826103584,
  "risk_percent": 0.26996881626275676,
  "metadata": {
    "best_test_return": -254.83409141302945,
    "optimized_at": "2026-02-15T16:11:58.894Z"
  }
}