{
  "lookback": 7,
  "drop_threshold": 0.06820104858778595,
  "bounce_threshold": 0.010708676122893982,
  "stop_loss": 0.11050579752929521,
  "take_profit": 0.10319566431668914,
  "risk_percent": 0.18433090377852365,
  "metadata": {
    "best_test_return": 12.287989204694895,
    "optimized_at": "2026-02-15T15:28:34.529Z"
  }
}