{
  "stoch_k_period": 14,
  "stoch_d_period": 3,
  "stoch_oversold": 14,
  "stoch_overbought": 88,
  "support_threshold": 0.005274231095764076,
  "resistance_threshold": 0.9624393001902858,
  "stop_loss": 0.08620258331215175,
  "profit_target": 0.19517145844478212,
  "max_hold_bars": 20,
  "risk_percent": 0.26015644625016654,
  "sr_lookback": 50
}