{
  "stoch_k_period": 14,
  "stoch_d_period": 3,
  "stoch_oversold": 16,
  "stoch_overbought": 84,
  "support_threshold": 0.017878084496822183,
  "resistance_threshold": 0.9898064379937476,
  "stop_loss": 0.0770702229072711,
  "profit_target": 0.19432565962558324,
  "max_hold_bars": 24,
  "risk_percent": 0.2805868967832221,
  "sr_lookback": 65
}