{
  "bb_period": 7,
  "rsi_period": 5,
  "std_mult": 1.840375966270371,
  "rsi_oversold": 30,
  "rsi_overbought": 85,
  "stop_loss": 0.05954638793366251,
  "risk_percent": 0.215261298218217,
  "metadata": {
    "best_test_return": -117.56599562723045,
    "optimized_at": "2026-02-15T15:56:17.359Z"
  }
}