{
  "fast_period": 3,
  "mid_period": 4,
  "slow_period": 8,
  "stop_loss": 0.07496806503811315,
  "trailing_stop": 0.05373308572047621,
  "risk_percent": 0.2238431378221809,
  "metadata": {
    "best_test_return": 33.67090881292529,
    "optimized_at": "2026-02-15T15:02:34.404Z"
  }
}