{
  "stoch_k_period": 14,
  "stoch_d_period": 3,
  "stoch_oversold": 14,
  "stoch_overbought": 84,
  "support_threshold": 0.01,
  "resistance_threshold": 0.95,
  "stop_loss": 0.06005793382242814,
  "profit_target": 0.19709456539398681,
  "max_hold_bars": 24,
  "risk_percent": 0.20005049063984823,
  "sr_lookback": 51
}