{
  "bayes_lookback": 40,
  "bayes_hazard_rate": 0.1684702906557132,
  "bayes_prob_threshold": 0.10894322951984566,
  "runlength_max": 25,
  "stoch_k_period": 14,
  "stoch_oversold": 16,
  "stoch_overbought": 84,
  "stoch_rebound_delta": 2,
  "sr_lookback": 40,
  "support_buffer": 0.03,
  "support_reclaim_buffer": 0.001972731697955642,
  "stop_loss": 0.07064243175843672,
  "profit_target": 0.20400000000000001,
  "max_hold_bars": 20,
  "risk_percent": 0.2909066638035034
}