{
  "short_lookback": 20,
  "long_lookback": 60,
  "support_alignment_max": 0.024748628194390464,
  "stoch_k_period": 14,
  "stoch_oversold": 16,
  "stop_loss": 0.06733623185182085,
  "profit_target": 0.22,
  "max_hold_bars": 28,
  "risk_percent": 0.26466168649567595
}