{
  "stoch_k_period": 18,
  "stoch_d_period": 3,
  "stoch_oversold": 16,
  "stoch_overbought": 84,
  "support_threshold": 0.0160274187516979,
  "stop_loss": 0.06719322660924319,
  "profit_target": 0.1967523244544647,
  "max_hold_bars": 32,
  "risk_percent": 0.20451405782590376,
  "sr_lookback": 52
}