{
  "base_lookback": 20,
  "min_lookback": 8,
  "max_lookback": 36,
  "volatility_period": 12,
  "bounce_threshold": 0.022177904279375705,
  "stoch_k_period": 18,
  "stoch_d_period": 3,
  "stoch_oversold": 16,
  "stoch_overbought": 86,
  "trend_period": 20,
  "trend_threshold": -0.007082248909773522,
  "momentum_period": 2,
  "momentum_threshold": 0.005737908946477459,
  "min_bounce_bars": 1,
  "stop_loss": 0.050108634445408876,
  "trailing_stop": 0.02837114754162186,
  "profit_target": 0.19989472003676628,
  "max_hold_bars": 36,
  "risk_percent": 0.27872941472855217,
  "metadata": {
    "best_test_return": 0,
    "optimized_at": "2026-02-15T21:09:04.200Z"
  }
}