{
  "base_lookback": 16,
  "min_lookback": 10,
  "max_lookback": 36,
  "volatility_period": 10,
  "bounce_threshold": 0.022882601799106176,
  "stoch_k_period": 18,
  "stoch_d_period": 3,
  "stoch_oversold": 20,
  "stoch_overbought": 84,
  "stop_loss": 0.08892180454068466,
  "trailing_stop": 0.050816806720953484,
  "profit_target": 0.11033993144411079,
  "max_hold_bars": 32,
  "risk_percent": 0.28988330720585687,
  "metadata": {
    "best_test_return": -156.44710230867815,
    "optimized_at": "2026-02-15T21:41:27.488Z"
  }
}