{
  "lookback": 20,
  "bounce_threshold": 0.02126214773986403,
  "stop_loss": 0.07971037112181423,
  "risk_percent": 0.3492976967904169,
  "take_profit": 0.11103142223167486,
  "metadata": {
    "best_test_return": 186.43267734551932,
    "optimized_at": "2026-02-18T23:27:21.441Z"
  }
}