{
  "sr_lookback": 50,
  "support_buffer": 0.020816430917733338,
  "panic_window": 26,
  "burst_return_threshold": 0.014161100476590456,
  "burst_vs_avg_multiplier": 1.5175720434558684,
  "range_climax_multiplier": 2.040731112488677,
  "close_near_low_max": 0.18468614860199367,
  "followthrough_drop_threshold": 0.00938733430862097,
  "panic_entry_threshold": 4.188052050157535,
  "stabilization_reclaim_ratio": 0.4059866433437714,
  "stabilization_hold_ratio": 0.028252041966761933,
  "stabilization_close_rebound": 0.0016884577105254115,
  "stabilization_range_ratio_max": 0.8145786173847722,
  "renewed_panic_exit_threshold": 3.7947892115503796,
  "resistance_exit_buffer": 0.9866392795917346,
  "stop_loss": 0.09410605152180822,
  "profit_target": 0.19864576497074182,
  "max_hold_bars": 28,
  "risk_percent": 0.2971820296368827
}