{
  "sr_lookback": 50,
  "range_lookback": 24,
  "low_vol_threshold": 0.07254372439863731,
  "stoch_k_period": 18,
  "stoch_oversold": 18,
  "breakout_buffer": 0.004521088502099603,
  "stop_loss": 0.06578027022792002,
  "profit_target": 0.2052708021460626,
  "max_hold_bars": 20,
  "risk_percent": 0.2994251919439348
}