{
  "sr_lookback": 55,
  "support_buffer": 0.014646040690543911,
  "trend_fast_period": 6,
  "trend_slow_period": 20,
  "trend_momentum_lookback": 7,
  "trend_score_scale": 50,
  "mean_revert_window": 10,
  "mean_revert_support_scale": 140,
  "mean_revert_oversold_scale": 130,
  "mean_revert_rebound_scale": 10,
  "vol_window": 14,
  "breakout_lookback": 6,
  "vol_breakout_ratio_threshold": 1.69767242535901,
  "vol_breakout_score_scale": 7.3858001981351915,
  "bma_error_alpha": 0.06907847224990354,
  "bma_weight_temperature": 9,
  "bma_weight_floor": 0.07691702908092254,
  "entry_posterior_threshold": 0.687642640903159,
  "exit_posterior_threshold": 0.3691809991357299,
  "resistance_exit_buffer": 0.9910310061161358,
  "stop_loss": 0.07784308727393575,
  "profit_target": 0.1445366949764212,
  "max_hold_bars": 32,
  "risk_percent": 0.28198629144640086
}