{
  "lookback": 36,
  "bounce_threshold": 0.021320111097985872,
  "stop_loss": 0.05962453559267028,
  "risk_percent": 0.3999823482973693,
  "take_profit": 0.1056470190016694,
  "metadata": {
    "best_test_return": 206.76289290176942,
    "optimized_at": "2026-02-19T00:08:28.458Z"
  }
}