{
  "base_lookback": 24,
  "min_lookback": 4,
  "max_lookback": 40,
  "volatility_period": 10,
  "bounce_threshold": 0.028317907118388677,
  "stoch_k_period": 14,
  "stoch_d_period": 5,
  "stoch_oversold": 24,
  "stoch_overbought": 84,
  "trend_period": 24,
  "trend_threshold": -0.0047220101704872515,
  "momentum_period": 3,
  "momentum_threshold": 0.006813032947836872,
  "min_bounce_bars": 1,
  "stop_loss": 0.08187648785468493,
  "trailing_stop": 0.06710673945684217,
  "first_target": 0.06768740797722422,
  "second_target": 0.1521495789788995,
  "first_exit_pct": 0.46457367286619033,
  "max_hold_bars": 40,
  "risk_percent": 0.2731666872707283,
  "metadata": {
    "best_test_return": 0,
    "optimized_at": "2026-02-15T20:30:26.480Z"
  }
}