{
  "sr_lookback": 50,
  "ema_fast": 10,
  "ema_slow": 24,
  "slope_lookback": 4,
  "min_slope": 0.0009037595898260337,
  "max_slope": 0.01578964724818685,
  "stoch_k_period": 18,
  "stoch_oversold": 16,
  "stop_loss": 0.08798896884489472,
  "profit_target": 0.14053494656178553,
  "max_hold_bars": 28,
  "risk_percent": 0.2982601290397354
}