{
  "lookback": 12,
  "bounce_threshold": 0.02103152497799083,
  "stop_loss": 0.059391122377857264,
  "risk_percent": 0.3474144903035348,
  "take_profit": 0.15511724138210375,
  "metadata": {
    "best_test_return": 188.4447337984384,
    "optimized_at": "2026-02-18T23:56:02.930Z"
  }
}