{
  "stoch_k_period": 14,
  "stoch_d_period": 3,
  "stoch_oversold": 14,
  "stoch_overbought": 86,
  "support_threshold": 0.006305586933469134,
  "resistance_threshold": 0.9602202378460754,
  "stop_loss": 0.08870312126190043,
  "profit_target": 0.19234000679625987,
  "max_hold_bars": 36,
  "risk_percent": 0.26107503504786556,
  "sr_lookback": 52
}