{
  "k_period": 14,
  "d_period": 5,
  "oversold": 20,
  "overbought": 70,
  "stop_loss": 0.09136426516791206,
  "risk_percent": 0.22948020726908722,
  "metadata": {
    "best_test_return": 179.05205239495263,
    "optimized_at": "2026-02-15T15:01:22.725Z"
  }
}