{
  "lookback": 33,
  "bounce_threshold": 0.01607637668027718,
  "stop_loss": 0.07160948980933736,
  "risk_percent": 0.42,
  "take_profit": 0.08,
  "metadata": {
    "best_test_return": 141.18073371122955,
    "optimized_at": "2026-02-19T00:15:50.789Z"
  }
}