{
  "channel_period": 16,
  "channel_width": 0.5072537445951146,
  "stop_loss": 0.09734466123880889,
  "trailing_stop": 0.038529543852800524,
  "risk_percent": 0.17405393428639598,
  "metadata": {
    "best_test_return": -68.45108985423235,
    "optimized_at": "2026-02-15T15:31:50.040Z"
  }
}