{
  "base_lookback": 20,
  "min_lookback": 10,
  "max_lookback": 40,
  "volatility_period": 10,
  "bounce_threshold": 0.04503518887071676,
  "stoch_k_period": 10,
  "stoch_d_period": 3,
  "stoch_oversold": 20,
  "stoch_overbought": 70,
  "trend_period": 25,
  "trend_threshold": -0.016909084715752736,
  "stop_loss": 0.09910910735633793,
  "trailing_stop": 0.04313200565465023,
  "risk_percent": 0.19477468751814392,
  "metadata": {
    "best_test_return": -174.6298371591315,
    "optimized_at": "2026-02-15T18:01:42.513Z"
  }
}