{
  "consec_bars": 4,
  "exit_bars": 1,
  "stop_loss": 0.11066763774333625,
  "trailing_stop": 0.09457594376738125,
  "risk_percent": 0.34994513694698004,
  "metadata": {
    "best_test_return": -311.72547061069395,
    "optimized_at": "2026-02-15T16:08:04.492Z"
  }
}