{
  "stoch_k_period": 14,
  "stoch_oversold": 14,
  "stoch_overbought": 86,
  "support_threshold": 0.035692426589783374,
  "resistance_threshold": 0.9619832611248714,
  "stop_loss": 0.08644202909427345,
  "profit_target": 0.17628460494673104,
  "max_hold_bars": 28,
  "risk_percent": 0.2850524500208621,
  "sr_lookback": 60
}