{
  "sr_lookback": 55,
  "stoch_k_period": 18,
  "arm_band": 20,
  "trigger_band": 22,
  "disarm_band": 50,
  "stop_loss": 0.06064283937611671,
  "profit_target": 0.17565236246872312,
  "max_hold_bars": 24,
  "risk_percent": 0.2
}