{
  "sr_lookback": 55,
  "atr_period": 8,
  "mean_period": 16,
  "discount_atr_mult": 1.0338789817432574,
  "stoch_k_period": 12,
  "stoch_oversold": 16,
  "stop_loss": 0.08642426125386767,
  "profit_target": 0.21356955491432839,
  "max_hold_bars": 28,
  "risk_percent": 0.2602512702331615
}