{
  "stoch_k_period": 18,
  "stoch_d_period": 3,
  "stoch_oversold": 16,
  "stoch_overbought": 82,
  "support_threshold": 0.016319389651203817,
  "resistance_threshold": 0.9626979836720665,
  "stop_loss": 0.07754364686790965,
  "profit_target": 0.18271810587922377,
  "max_hold_bars": 35,
  "risk_percent": 0.2451401316244487,
  "sr_lookback": 50
}