{
  "stoch_k_period": 18,
  "stoch_d_period": 3,
  "stoch_oversold": 16,
  "stoch_overbought": 84,
  "support_threshold": 0.015969298305585276,
  "resistance_threshold": 0.9627460896674768,
  "stop_loss": 0.0659816776084269,
  "profit_target": 0.1905455941572766,
  "max_hold_bars": 35,
  "risk_percent": 0.2678312351930454,
  "sr_lookback": 52
}