{
  "period": 4,
  "oversold_level": -90,
  "overbought_level": -30,
  "stop_loss": 0.06941658905603015,
  "trailing_stop": 0.026545979034383337,
  "risk_percent": 0.225823680916669,
  "metadata": {
    "best_test_return": -36.68790836914866,
    "optimized_at": "2026-02-15T15:56:47.853Z"
  }
}