{
  "bb_period": 7,
  "rsi_period": 6,
  "std_mult": 1.8762189319755127,
  "rsi_oversold": 35,
  "rsi_overbought": 85,
  "stop_loss": 0.08199008336782057,
  "risk_percent": 0.18699108013202242,
  "metadata": {
    "best_test_return": -73.80341351468542,
    "optimized_at": "2026-02-15T15:41:41.255Z"
  }
}