{
  "stoch_k_period": 14,
  "stoch_d_period": 3,
  "stoch_oversold": 14,
  "stoch_overbought": 84,
  "support_threshold": 0.0064142061453190055,
  "resistance_threshold": 0.9622095000370473,
  "stop_loss": 0.06036465479876305,
  "profit_target": 0.1664490170496107,
  "max_hold_bars": 20,
  "risk_percent": 0.3,
  "sr_lookback": 52
}