{
  "lookback": 20,
  "bounce_threshold": 0.01610838822667245,
  "stop_loss": 0.07770147222304954,
  "risk_percent": 0.3487086251508998,
  "take_profit": 0.12900787949393183,
  "metadata": {
    "best_test_return": 129.96564067849658,
    "optimized_at": "2026-02-18T23:26:18.068Z"
  }
}