{
  "sr_lookback": 60,
  "forget_threshold": 0.37601353328971887,
  "reset_bars": 16,
  "entry_forget_rate": 0.8383755809622424,
  "stoch_k_period": 14,
  "stoch_oversold": 16,
  "stop_loss": 0.08880816407194199,
  "profit_target": 0.1669906955778579,
  "max_hold_bars": 28,
  "risk_percent": 0.2815659650252761
}