{
  "buy_below": 0.37553332506513853,
  "sell_above": 0.5035927826182944,
  "stop_loss": 0.2842428295515507,
  "risk_percent": 0.1844644216644292,
  "metadata": {
    "best_test_return": 141.88823399022863,
    "optimized_at": "2026-02-15T14:55:56.777Z"
  }
}