{
  "stoch_k_period": 14,
  "stoch_d_period": 3,
  "stoch_oversold": 14,
  "stoch_overbought": 86,
  "support_threshold": 0.025,
  "resistance_threshold": 0.9899137072690003,
  "stop_loss": 0.07851496469800011,
  "profit_target": 0.16020060836309458,
  "max_hold_bars": 20,
  "risk_percent": 0.2,
  "sr_lookback": 51
}