{
  "ma_period": 5,
  "envelope_pct": 0.06,
  "stop_loss": 0.11129725860122956,
  "risk_percent": 0.25,
  "metadata": {
    "best_test_return": 97.04705318431934,
    "optimized_at": "2026-02-15T15:06:11.676Z"
  }
}