{
  "sr_lookback": 45,
  "stoch_k_period": 14,
  "stoch_oversold": 16,
  "ema_period": 8,
  "slope_flip_min": 0.0008442825798359794,
  "support_buffer": 0.02192056641679655,
  "stop_loss": 0.06264035336102929,
  "profit_target": 0.162215051737878,
  "max_hold_bars": 24,
  "risk_percent": 0.28202566704176435
}