{
  "ma_period": 9,
  "rsi_period": 8,
  "deviation_threshold": 0.061628882523814134,
  "rsi_oversold": 30,
  "rsi_overbought": 75,
  "stop_loss": 0.10929966295916885,
  "risk_percent": 0.277040079973405,
  "metadata": {
    "best_test_return": -132.80243462696194,
    "optimized_at": "2026-02-15T15:49:44.560Z"
  }
}