{
  "lookback": 48,
  "bounce_threshold": 0.015978565330487037,
  "stop_loss": 0.0679056528902838,
  "risk_percent": 0.44985207595086113,
  "take_profit": 0.18374604353159218,
  "metadata": {
    "best_test_return": 144.57246137422385,
    "optimized_at": "2026-02-19T00:14:52.177Z"
  }
}