{
  "stoch_k_period": 18,
  "stoch_d_period": 3,
  "stoch_oversold": 16,
  "stoch_overbought": 84,
  "support_threshold": 0.016199814259449392,
  "stop_loss": 0.07311836283332719,
  "profit_target": 0.1896973684667851,
  "max_hold_bars": 32,
  "risk_percent": 0.21087620769842508,
  "sr_lookback": 51
}