{
  "consec_bars": 4,
  "exit_bars": 1,
  "stop_loss": 0.10682061223685847,
  "trailing_stop": 0.09390400713296365,
  "risk_percent": 0.2991295060626751,
  "metadata": {
    "best_test_return": -276.3505262966212,
    "optimized_at": "2026-02-15T16:16:52.654Z"
  }
}