{
  "ma_period": 3,
  "rsi_period": 5,
  "deviation_threshold": 0.04344445474652297,
  "rsi_oversold": 40,
  "rsi_overbought": 75,
  "stop_loss": 0.10097776831319305,
  "risk_percent": 0.23673632814184922,
  "metadata": {
    "best_test_return": 74.1101964026584,
    "optimized_at": "2026-02-15T15:47:07.501Z"
  }
}