{
  "k_period": 7,
  "d_period": 3,
  "oversold": 20,
  "overbought": 70,
  "stop_loss": 0.08397765961977298,
  "risk_percent": 0.22336902465049832,
  "metadata": {
    "best_test_return": 79.55920245122047,
    "optimized_at": "2026-02-15T15:18:13.761Z"
  }
}