{
  "base_lookback": 20,
  "min_lookback": 10,
  "max_lookback": 35,
  "volatility_period": 10,
  "base_bounce_threshold": 0.03265897295844331,
  "vol_bounce_scale": 2.3706932827379807,
  "stoch_k_period": 14,
  "stoch_d_period": 4,
  "stoch_oversold": 25,
  "stoch_overbought": 70,
  "stop_loss": 0.06801285402813842,
  "trailing_stop": 0.058820244697741456,
  "risk_percent": 0.17620655229149526,
  "metadata": {
    "best_test_return": -45.318603625966944,
    "optimized_at": "2026-02-15T17:44:49.114Z"
  }
}