{
  "lookback": 24,
  "bounce_threshold": 0.020992516752173628,
  "stop_loss": 0.06771117837538931,
  "risk_percent": 0.34952343079593456,
  "take_profit": 0.12067784801891387,
  "metadata": {
    "best_test_return": 186.51462422389704,
    "optimized_at": "2026-02-18T23:45:15.604Z"
  }
}