{
  "base_lookback": 12,
  "min_lookback": 4,
  "max_lookback": 35,
  "volatility_period": 8,
  "bounce_threshold": 0.03705146611529968,
  "stoch_k_period": 14,
  "stoch_d_period": 3,
  "stoch_oversold": 16,
  "stoch_overbought": 76,
  "trend_period": 24,
  "trend_threshold": -0.011841531311145391,
  "momentum_period": 2,
  "momentum_threshold": 0.004071043897804294,
  "min_bounce_bars": 1,
  "stop_loss": 0.07258254542642072,
  "trailing_stop": 0.05198430877698678,
  "profit_target": 0.1252711262605134,
  "max_hold_bars": 45,
  "risk_percent": 0.26965695183312366,
  "metadata": {
    "best_test_return": -171.45034982339678,
    "optimized_at": "2026-02-15T20:26:09.192Z"
  }
}