{
  "stoch_k_period": 14,
  "stoch_oversold": 14,
  "stoch_overbought": 84,
  "support_threshold": 0.03806383112178581,
  "resistance_threshold": 0.960490458936896,
  "stop_loss": 0.09430835115537255,
  "profit_target": 0.18927506652725937,
  "max_hold_bars": 28,
  "risk_percent": 0.2956559445708593,
  "sr_lookback": 80,
  "momentum_threshold": 0.009675923737262003
}