{
  "ma_period": 4,
  "envelope_pct": 0.05448764418082197,
  "stop_loss": 0.10653810287791664,
  "risk_percent": 0.39606173052807586,
  "metadata": {
    "best_test_return": 71.98410995267704,
    "optimized_at": "2026-02-15T15:06:35.959Z"
  }
}