{
  "stoch_k_period": 14,
  "stoch_d_period": 3,
  "stoch_oversold": 14,
  "stoch_overbought": 88,
  "support_threshold": 0.006417241031161099,
  "resistance_threshold": 0.9595319474849184,
  "stop_loss": 0.0998132031592833,
  "profit_target": 0.18302301811495936,
  "max_hold_bars": 32,
  "risk_percent": 0.20132101205996708,
  "sr_lookback": 51
}