{
  "lookback": 28,
  "bounce_threshold": 0.015905061922856446,
  "stop_loss": 0.07169636203590718,
  "risk_percent": 0.35,
  "take_profit": 0.15072899628446232,
  "metadata": {
    "best_test_return": 130.20955804226583,
    "optimized_at": "2026-02-18T23:20:14.236Z"
  }
}