{
  "stoch_k_period": 14,
  "stoch_d_period": 3,
  "stoch_oversold": 14,
  "stoch_overbought": 84,
  "support_threshold": 0.019641946358974552,
  "resistance_threshold": 0.9899030563953035,
  "stop_loss": 0.08471238138188986,
  "profit_target": 0.1874480562835261,
  "max_hold_bars": 16,
  "risk_percent": 0.20151740193953838,
  "sr_lookback": 55
}