{
  "consec_bars": 4,
  "exit_bars": 1,
  "stop_loss": 0.09499150315149983,
  "trailing_stop": 0.05119916325166263,
  "risk_percent": 0.3999683532212383,
  "metadata": {
    "best_test_return": -344.15295021176905,
    "optimized_at": "2026-02-15T16:07:54.753Z"
  }
}