{
  "stoch_k_period": 14,
  "stoch_d_period": 3,
  "stoch_oversold": 14,
  "stoch_overbought": 84,
  "support_threshold": 0.006199734684577613,
  "resistance_threshold": 0.9620748210262525,
  "stop_loss": 0.06257943245881938,
  "profit_target": 0.14,
  "max_hold_bars": 24,
  "risk_percent": 0.29784058391522206,
  "sr_lookback": 51
}