{
  "stoch_k_period": 18,
  "stoch_d_period": 3,
  "stoch_oversold": 16,
  "stoch_overbought": 86,
  "support_threshold": 0.016148267397200742,
  "resistance_threshold": 0.9642083097805261,
  "stop_loss": 0.08326554822170906,
  "profit_target": 0.18156428077404707,
  "max_hold_bars": 40,
  "risk_percent": 0.2570016984164485,
  "sr_lookback": 52
}