{
  "stoch_k_period": 18,
  "stoch_d_period": 3,
  "stoch_oversold": 16,
  "stoch_overbought": 84,
  "support_threshold": 0.016313670794724358,
  "resistance_threshold": 0.9628601874535472,
  "stop_loss": 0.0706589873492845,
  "profit_target": 0.19585003768937417,
  "max_hold_bars": 32,
  "risk_percent": 0.28838614920219646,
  "sr_lookback": 48
}