{
  "k_period": 4,
  "d_period": 6,
  "oversold": 20,
  "overbought": 75,
  "stop_loss": 0.14305807635581697,
  "risk_percent": 0.2348187074388487,
  "metadata": {
    "best_test_return": 103.49698106243318,
    "optimized_at": "2026-02-15T15:08:11.545Z"
  }
}