{
  "atr_period": 18,
  "atr_multiplier": 0.46838980140214653,
  "lookback": 10,
  "volume_period": 10,
  "stop_loss": 0.05153752561113578,
  "trailing_stop": 0.036546291612966755,
  "risk_percent": 0.14737321583329338,
  "metadata": {
    "best_test_return": 0,
    "optimized_at": "2026-02-15T16:47:49.488Z"
  }
}