{
  "min_period": 8,
  "max_period": 15,
  "vol_sensitivity": 40,
  "stop_loss": 0.05740845454733971,
  "trailing_stop": 0.1,
  "risk_percent": 0.05,
  "metadata": {
    "best_test_return": 33.10017491356939,
    "optimized_at": "2026-02-15T14:15:49.631Z"
  }
}