{
  "stoch_k_period": 14,
  "stoch_d_period": 3,
  "stoch_oversold": 14,
  "stoch_overbought": 86,
  "support_threshold": 0.007003175211929478,
  "resistance_threshold": 0.9619159187845274,
  "stop_loss": 0.062476809493685406,
  "profit_target": 0.18797763760340497,
  "max_hold_bars": 24,
  "risk_percent": 0.28253280752851934,
  "sr_lookback": 48
}