{
  "ma_period": 7,
  "rsi_period": 11,
  "deviation_threshold": 0.05800437830803001,
  "rsi_oversold": 40,
  "rsi_overbought": 65,
  "stop_loss": 0.04514203405902381,
  "risk_percent": 0.24670037315717605,
  "metadata": {
    "best_test_return": -196.86770450842687,
    "optimized_at": "2026-02-15T15:41:56.026Z"
  }
}