{
  "lookback": 12,
  "bounce_threshold": 0.02091607578082611,
  "stop_loss": 0.06377852392179936,
  "risk_percent": 0.34970484918109696,
  "take_profit": 0.17029248293015273,
  "metadata": {
    "best_test_return": 188.84336245316263,
    "optimized_at": "2026-02-18T23:51:29.722Z"
  }
}