{
  "sr_lookback": 45,
  "hurst_period": 50,
  "hurst_trending_threshold": 0.518941863242572,
  "stoch_k_period": 12,
  "stoch_oversold": 22,
  "support_buffer": 0.0201542572963944,
  "stop_loss": 0.07451944432356308,
  "profit_target": 0.14422151637369435,
  "max_hold_bars": 32,
  "risk_percent": 0.2702332602398782
}