{
  "bb_period": 18,
  "rsi_period": 6,
  "std_mult": 1.5336691925012198,
  "rsi_oversold": 15,
  "rsi_overbought": 80,
  "stop_loss": 0.09408808028569296,
  "risk_percent": 0.2617695753083499,
  "metadata": {
    "best_test_return": 34.880378926523235,
    "optimized_at": "2026-02-15T15:17:22.128Z"
  }
}