{
  "swing_window": 3,
  "stop_loss": 0.14286137723841008,
  "trailing_stop": 0.08872383488528768,
  "take_profit": 0.17736871571829016,
  "risk_percent": 0.06217566455511078,
  "metadata": {
    "best_test_return": 18.7228857163185,
    "optimized_at": "2026-02-15T15:22:29.624Z"
  }
}