{
  "rsi_period": 8,
  "divergence_lookback": 17,
  "oversold": 25,
  "overbought": 90,
  "stop_loss": 0.02684687491638024,
  "risk_percent": 0.1872308160192121,
  "metadata": {
    "best_test_return": 108.48787150277167,
    "optimized_at": "2026-02-15T16:21:27.524Z"
  }
}