{
  "stoch_k_period": 14,
  "stoch_d_period": 3,
  "stoch_oversold": 18,
  "stoch_overbought": 86,
  "support_threshold": 0.006613635641192039,
  "resistance_threshold": 0.9621000633686556,
  "stop_loss": 0.08724797529265109,
  "profit_target": 0.19167114797554458,
  "max_hold_bars": 20,
  "risk_percent": 0.26913941820970644,
  "sr_lookback": 55
}