{
  "lookback": 38,
  "bounce_threshold": 0.021261308050632963,
  "stop_loss": 0.06670944390762702,
  "risk_percent": 0.36,
  "take_profit": 0.10783253332697637,
  "metadata": {
    "best_test_return": 190.26543350201428,
    "optimized_at": "2026-02-19T00:14:02.549Z"
  }
}