{
  "sr_lookback": 45,
  "stoch_k_period": 14,
  "stoch_oversold": 14,
  "support_buffer": 0.025,
  "ca_window": 24,
  "ca_emergence_min": 0.515565305496078,
  "ca_emergence_max": 0.7,
  "ca_impulse_min": 0.01,
  "ca_collapse_threshold": 0.4696906975469962,
  "ca_collapse_delta": 0.18305752984670468,
  "stop_loss": 0.0626967036093662,
  "profit_target": 0.14,
  "max_hold_bars": 20,
  "risk_percent": 0.27667281969596486
}