{
  "stoch_k_period": 18,
  "stoch_d_period": 3,
  "stoch_oversold": 16,
  "stoch_overbought": 84,
  "support_threshold": 0.016295417237863607,
  "stop_loss": 0.07181356219421837,
  "profit_target": 0.19361322646873047,
  "max_hold_bars": 32,
  "risk_percent": 0.20037801937017868,
  "sr_lookback": 50,
  "volume_lookback": 20
}