{
  "base_lookback": 20,
  "min_lookback": 12,
  "max_lookback": 36,
  "volatility_period": 12,
  "bounce_threshold": 0.02877210768834184,
  "stoch_k_period": 18,
  "stoch_d_period": 4,
  "stoch_oversold": 14,
  "stoch_overbought": 92,
  "trend_period": 20,
  "trend_threshold": -0.0064713876154901,
  "momentum_period": 2,
  "momentum_threshold": 0.004365800250840619,
  "min_bounce_bars": 1,
  "stop_loss": 0.06136318879967283,
  "trailing_stop": 0.027098979142242945,
  "profit_target": 0.10433695566589689,
  "max_hold_bars": 32,
  "risk_percent": 0.2595829294906936,
  "metadata": {
    "best_test_return": 0,
    "optimized_at": "2026-02-15T21:06:31.385Z"
  }
}