{
  "sr_lookback": 45,
  "rsi_period": 12,
  "rsi_threshold": 40,
  "stoch_k_period": 16,
  "stoch_oversold": 20,
  "ma_period": 24,
  "atr_period": 12,
  "atr_ratio_max": 0.8201237815911934,
  "momentum_lookback": 4,
  "momentum_threshold": 0.007879732948335716,
  "gene_rsi_weight": 0.5489236040700338,
  "gene_stoch_weight": 1.247908082590651,
  "gene_ma_weight": 1.0183704100546938,
  "gene_atr_weight": 0.7474497121886521,
  "gene_momentum_weight": 0.5944013468152832,
  "fitness_threshold": 2.320549050103169,
  "exit_fitness_threshold": 1.6120666732848292,
  "stop_loss": 0.06708203611329827,
  "profit_target": 0.18678070373057148,
  "max_hold_bars": 28,
  "risk_percent": 0.2784654665145485
}