{
  "base_lookback": 20,
  "min_lookback": 6,
  "max_lookback": 35,
  "volatility_period": 10,
  "bounce_threshold": 0.032874019268601146,
  "stoch_k_period": 14,
  "stoch_d_period": 3,
  "stoch_oversold": 28,
  "stoch_overbought": 60,
  "trend_period": 28,
  "trend_threshold": -0.0029198185215476057,
  "momentum_period": 2,
  "momentum_threshold": 0.004308976997840315,
  "min_bounce_bars": 1,
  "stop_loss": 0.06680786618095977,
  "trailing_stop": 0.047339459320599984,
  "profit_target": 0.15413717447567105,
  "max_hold_bars": 40,
  "risk_percent": 0.206684718911733,
  "metadata": {
    "best_test_return": -137.02285526740172,
    "optimized_at": "2026-02-15T20:44:00.052Z"
  }
}