{
  "bb_period": 7,
  "rsi_period": 5,
  "std_mult": 1.877929895288442,
  "rsi_oversold": 30,
  "rsi_overbought": 80,
  "stop_loss": 0.07768594917943951,
  "risk_percent": 0.2068217626814211,
  "metadata": {
    "best_test_return": -72.61375658940813,
    "optimized_at": "2026-02-15T15:36:34.015Z"
  }
}