{
  "base_lookback": 20,
  "min_lookback": 8,
  "max_lookback": 32,
  "volatility_period": 8,
  "bounce_threshold": 0.03241695572527926,
  "stoch_k_period": 18,
  "stoch_d_period": 4,
  "stoch_oversold": 32,
  "stoch_overbought": 70,
  "trend_period": 27,
  "trend_threshold": -0.015754781557186823,
  "min_bounce_bars": 1,
  "stop_loss": 0.07107817624266834,
  "trailing_stop": 0.08094437257046412,
  "profit_target": 0.08766564927411363,
  "max_hold_bars": 24,
  "risk_percent": 0.32067371703121056,
  "metadata": {
    "best_test_return": -20.778099653207278,
    "optimized_at": "2026-02-15T21:57:28.511Z"
  }
}