{
  "ma_period": 3,
  "rsi_period": 5,
  "deviation_threshold": 0.03949074370066043,
  "rsi_oversold": 40,
  "rsi_overbought": 70,
  "stop_loss": 0.0996856583274415,
  "risk_percent": 0.19953606938567833,
  "metadata": {
    "best_test_return": 54.60103789157074,
    "optimized_at": "2026-02-15T15:45:28.654Z"
  }
}