{
  "sr_lookback": 50,
  "range_lookback": 16,
  "momentum_lookback": 2,
  "normalized_momentum_threshold": 0.12023202914411457,
  "stoch_k_period": 16,
  "stoch_oversold": 16,
  "stop_loss": 0.06578039809863324,
  "profit_target": 0.1692437957995472,
  "max_hold_bars": 20,
  "risk_percent": 0.2746090501247879
}