{
  "base_lookback": 20,
  "min_lookback": 10,
  "max_lookback": 35,
  "volatility_period": 8,
  "bounce_threshold": 0.03610661328533801,
  "stoch_k_period": 14,
  "stoch_d_period": 4,
  "stoch_oversold": 30,
  "stoch_overbought": 65,
  "stop_loss": 0.10778933295582183,
  "trailing_stop": 0.05495437096633419,
  "profit_target": 0.08376774011598839,
  "max_hold_bars": 40,
  "risk_percent": 0.19828539542094606,
  "metadata": {
    "best_test_return": 12.466611891321918,
    "optimized_at": "2026-02-15T17:44:56.643Z"
  }
}