{
  "base_lookback": 12,
  "min_lookback": 8,
  "max_lookback": 36,
  "volatility_period": 8,
  "bounce_threshold": 0.027452132613978133,
  "stoch_k_period": 14,
  "stoch_d_period": 3,
  "stoch_oversold": 24,
  "stoch_overbought": 80,
  "trend_period": 28,
  "trend_threshold": -0.009174120831091367,
  "momentum_period": 4,
  "momentum_threshold": 0.007381645370540808,
  "min_bounce_bars": 1,
  "stop_loss": 0.08901641849033229,
  "trailing_stop": 0.07684077444832943,
  "profit_target": 0.15300727929782665,
  "max_hold_bars": 45,
  "risk_percent": 0.31309982669393555,
  "metadata": {
    "best_test_return": 0,
    "optimized_at": "2026-02-15T21:42:08.584Z"
  }
}