{
  "stoch_k_period": 18,
  "stoch_d_period": 5,
  "stoch_oversold": 16,
  "stoch_overbought": 84,
  "support_threshold": 0.01596443137913687,
  "resistance_threshold": 0.9627989698196471,
  "stop_loss": 0.07435121141340352,
  "profit_target": 0.1766825257816106,
  "max_hold_bars": 36,
  "risk_percent": 0.27342500387813706,
  "sr_lookback": 51
}