{
  "mean_period": 18,
  "rsi_period": 18,
  "entry_std_multiplier": 1.605776875017178,
  "rsi_threshold": 35,
  "stop_loss": 0.09519151508502671,
  "profit_target": 0.1588783679333942,
  "max_hold_bars": 28,
  "risk_percent": 0.2697733517698467,
  "history_limit": 275
}