{
  "k_period": 7,
  "d_period": 3,
  "oversold": 20,
  "overbought": 80,
  "stop_loss": 0.09793990758519386,
  "risk_percent": 0.36743462137417837,
  "metadata": {
    "best_test_return": 251.81673932992635,
    "optimized_at": "2026-02-15T15:03:31.625Z"
  }
}