{
  "k_period": 22,
  "d_period": 10,
  "oversold": 15,
  "overbought": 85,
  "stop_loss": 0.127478660227518,
  "risk_percent": 0.28991395547896315,
  "metadata": {
    "best_test_return": 1005.9127841430309,
    "optimized_at": "2026-02-15T15:21:01.712Z"
  }
}