{
  "stoch_k_period": 14,
  "stoch_oversold": 18,
  "sr_lookback": 50,
  "support_zone_threshold": 0.019157234583165157,
  "min_support_touches": 4,
  "resistance_threshold": 0.9813686567173966,
  "stop_loss": 0.08995892792746317,
  "profit_target": 0.16718088814280568,
  "max_hold_bars": 24,
  "risk_percent": 0.2934072305788209
}