{
  "fast_period": 5,
  "slow_period": 8,
  "stop_loss": 0.0832965687211529,
  "trailing_stop": 0.0559572454257771,
  "risk_percent": 0.3981209671411358,
  "metadata": {
    "best_test_return": 64.97856546994035,
    "optimized_at": "2026-02-15T15:11:05.415Z"
  }
}