{
  "stoch_k_period": 18,
  "stoch_d_period": 3,
  "stoch_oversold": 16,
  "stoch_overbought": 84,
  "support_threshold": 0.016204103129016885,
  "resistance_threshold": 0.9623647386952915,
  "stop_loss": 0.07510828612260702,
  "profit_target": 0.16124690548308748,
  "max_hold_bars": 40,
  "risk_percent": 0.2860480596032478,
  "sr_lookback": 50
}