{
  "lookback": 24,
  "bounce_threshold": 0.021567380060935955,
  "stop_loss": 0.05674121288041451,
  "risk_percent": 0.3474771116409208,
  "take_profit": 0.06262139197906455,
  "metadata": {
    "best_test_return": 170.74227976856423,
    "optimized_at": "2026-02-18T23:32:23.753Z"
  }
}