{
  "stoch_k_period": 14,
  "stoch_d_period": 3,
  "stoch_oversold": 14,
  "stoch_overbought": 86,
  "support_threshold": 0.015896759831334463,
  "resistance_threshold": 0.99,
  "stop_loss": 0.09384317489160318,
  "max_hold_bars": 24,
  "risk_percent": 0.24149651092330807,
  "sr_lookback": 51
}