{
  "stoch_k_period": 14,
  "stoch_d_period": 3,
  "stoch_oversold": 14,
  "stoch_overbought": 88,
  "support_threshold": 0.006396587590624902,
  "resistance_threshold": 0.9619329029776799,
  "stop_loss": 0.07385969524577757,
  "profit_target": 0.1779476900975056,
  "max_hold_bars": 20,
  "risk_percent": 0.2997929644716817,
  "sr_lookback": 51
}