{
  "ma_period": 4,
  "rsi_period": 4,
  "deviation_threshold": 0.05454586293309789,
  "rsi_oversold": 40,
  "rsi_overbought": 80,
  "stop_loss": 0.1,
  "risk_percent": 0.23650106100016632,
  "metadata": {
    "best_test_return": -30.98964225888676,
    "optimized_at": "2026-02-15T15:37:43.577Z"
  }
}