{
  "macd_fast": 14,
  "macd_slow": 22,
  "macd_signal": 10,
  "support_threshold": 0.012343533080305336,
  "stop_loss": 0.063687864539618,
  "profit_target": 0.19439775595557207,
  "max_hold_bars": 32,
  "risk_percent": 0.22082632721147996,
  "sr_lookback": 45,
  "histogram_accel_threshold": 0.00034952767106833515,
  "histogram_weakening_threshold": 0.002933567287247409
}