{
  "sr_lookback": 50,
  "stoch_k_period": 16,
  "stoch_trigger": 30,
  "exhaustion_window": 11,
  "min_down_bars": 6,
  "max_last_drop": 0.00406791695617264,
  "support_buffer": 0.01560781525766688,
  "stop_loss": 0.1,
  "profit_target": 0.14684530573065804,
  "max_hold_bars": 20,
  "risk_percent": 0.3
}