{
  "sr_lookback": 50,
  "support_buffer": 0.023399649327887073,
  "vol_window": 14,
  "vol_percentile_window": 60,
  "min_dynamic_lookback": 12,
  "max_dynamic_lookback": 55,
  "warp_fast_period": 6,
  "warp_fast_weight": 0.4950958750583919,
  "warp_vol_gain": 1.3399287585646766,
  "entry_warped_threshold": 0.005877343656090712,
  "exit_warped_threshold": -0.018077202664762752,
  "stop_loss": 0.07099348735958844,
  "profit_target": 0.17578076865630293,
  "max_hold_bars": 28,
  "risk_percent": 0.29484603247815994
}