{
  "ma_period": 9,
  "rsi_period": 8,
  "deviation_threshold": 0.05835286872514087,
  "rsi_oversold": 30,
  "rsi_overbought": 70,
  "stop_loss": 0.10807100096647226,
  "risk_percent": 0.38962718753159814,
  "metadata": {
    "best_test_return": -128.9811432344186,
    "optimized_at": "2026-02-15T15:51:27.140Z"
  }
}