{
  "bb_period": 7,
  "rsi_period": 6,
  "std_mult": 1.8236057917807469,
  "rsi_oversold": 35,
  "rsi_overbought": 85,
  "stop_loss": 0.08162042961853723,
  "risk_percent": 0.26415568360515135,
  "metadata": {
    "best_test_return": -86.70589479967964,
    "optimized_at": "2026-02-15T15:46:33.698Z"
  }
}