{
  "lookback": 38,
  "bounce_threshold": 0.020446145092590417,
  "stop_loss": 0.06480231115260776,
  "risk_percent": 0.37,
  "take_profit": 0.09572451306369258,
  "metadata": {
    "best_test_return": 196.14485086222112,
    "optimized_at": "2026-02-19T00:10:48.585Z"
  }
}