{
  "consec_bars": 4,
  "exit_bars": 1,
  "stop_loss": 0.06908325359487151,
  "trailing_stop": 0.04615541716323932,
  "risk_percent": 0.32999999999999996,
  "metadata": {
    "best_test_return": -298.1480990252735,
    "optimized_at": "2026-02-15T16:04:46.558Z"
  }
}