{
  "lookback": 10,
  "entry_threshold": 0.020926078262956053,
  "exit_threshold": 0.026397983707108677,
  "min_hold": 7,
  "stop_loss": 0.14493092643405853,
  "risk_percent": 0.2996103328061407,
  "metadata": {
    "best_test_return": 121.1774589276456,
    "optimized_at": "2026-02-15T15:10:53.154Z"
  }
}