{
  "base_lookback": 20,
  "min_lookback": 8,
  "max_lookback": 40,
  "volatility_period": 8,
  "bounce_threshold": 0.023282294002046195,
  "stoch_k_period": 18,
  "stoch_d_period": 3,
  "stoch_oversold": 12,
  "stoch_overbought": 88,
  "trend_period": 20,
  "trend_threshold": -0.006961899611959742,
  "momentum_period": 4,
  "momentum_threshold": 0.005327818369176867,
  "min_bounce_bars": 1,
  "stop_loss": 0.08582962487252785,
  "trailing_stop": 0.06448134341988634,
  "profit_target": 0.17499798820535414,
  "max_hold_bars": 65,
  "risk_percent": 0.24236247200805647,
  "metadata": {
    "best_test_return": 0,
    "optimized_at": "2026-02-15T21:08:59.810Z"
  }
}