{
  "base_lookback": 20,
  "min_lookback": 8,
  "max_lookback": 40,
  "volatility_period": 14,
  "bounce_threshold": 0.028446773285017463,
  "stoch_k_period": 22,
  "stoch_d_period": 5,
  "stoch_oversold": 12,
  "stoch_overbought": 82,
  "momentum_period": 3,
  "momentum_threshold": 0.007094741500957779,
  "min_bounce_bars": 1,
  "stop_loss": 0.05904654513323771,
  "trailing_stop": 0.0784597512814015,
  "profit_target": 0.15122559143075462,
  "max_hold_bars": 24,
  "risk_percent": 0.38,
  "metadata": {
    "best_test_return": 26.538652836144365,
    "optimized_at": "2026-02-18T12:27:02.644Z"
  }
}