{
  "stoch_k_period": 14,
  "stoch_oversold": 14,
  "stoch_overbought": 82,
  "support_threshold": 0.035968394721881396,
  "resistance_threshold": 0.987282794169527,
  "stop_loss": 0.1,
  "profit_target": 0.19751856764550496,
  "max_hold_bars": 28,
  "risk_percent": 0.270209968495422,
  "sr_lookback": 60
}