{
  "lookback": 28,
  "bounce_threshold": 0.020684651470147277,
  "stop_loss": 0.06682089394556932,
  "risk_percent": 0.34632088820648604,
  "take_profit": 0.1686367682509464,
  "metadata": {
    "best_test_return": 185.34755654489618,
    "optimized_at": "2026-02-18T23:37:35.966Z"
  }
}