{
  "base_lookback": 20,
  "min_lookback": 10,
  "max_lookback": 35,
  "volatility_period": 8,
  "bounce_threshold": 0.03378918513400975,
  "stoch_k_period": 14,
  "stoch_d_period": 3,
  "stoch_oversold": 25,
  "stoch_overbought": 75,
  "stop_loss": 0.07875205066416668,
  "trailing_stop": 0.03667930617539925,
  "target_multiplier": 2.7870958941002506,
  "risk_percent": 0.1562099437958232,
  "metadata": {
    "best_test_return": -57.59466329058944,
    "optimized_at": "2026-02-15T18:01:44.330Z"
  }
}