{
  "consec_bars": 3,
  "exit_bars": 3,
  "stop_loss": 0.0513430556068331,
  "trailing_stop": 0.015954410749584143,
  "risk_percent": 0.2396288715169348,
  "metadata": {
    "best_test_return": -57.48274762788799,
    "optimized_at": "2026-02-15T16:13:52.358Z"
  }
}