{
  "sr_lookback": 55,
  "motif_lookback": 200,
  "symbol_step": 0.003968190677140642,
  "support_buffer": 0.02673524456865384,
  "support_hold_buffer": 0.007084555547822785,
  "bullish_lr_threshold": 1.3966946250465364,
  "bearish_dom_threshold": 1.3968508400206547,
  "resistance_exit_buffer": 0.9913592121544321,
  "motif_smoothing": 1.2938497209204636,
  "stop_loss": 0.09668212222919405,
  "profit_target": 0.1951376266320808,
  "max_hold_bars": 32,
  "risk_percent": 0.2088347610957631
}