{
  "sr_lookback": 50,
  "support_buffer": 0.025,
  "support_reclaim_buffer": 0.010032780661779364,
  "rebound_lookback": 8,
  "min_support_touches": 3,
  "min_rebound_return": 0.0005,
  "rr_window": 44,
  "rr_epsilon": 0.04,
  "rr_low_threshold": 0.16,
  "rr_moderate_min": 0.12913567435971396,
  "rr_moderate_max": 0.44274265363602516,
  "rr_transition_delta": 0.01,
  "rr_collapse_threshold": 0.08933281927296584,
  "rr_drop_from_entry": 0.12,
  "resistance_exit_buffer": 0.995,
  "stop_loss": 0.08388492064666024,
  "profit_target": 0.15762684149413977,
  "max_hold_bars": 20,
  "risk_percent": 0.29517921213591025
}