{
  "lookback": 8,
  "bounce_threshold": 0.021611104922882263,
  "stop_loss": 0.05601674535292328,
  "risk_percent": 0.3498278415646818,
  "take_profit": 0.17104998219423348,
  "metadata": {
    "best_test_return": 141.08888289939773,
    "optimized_at": "2026-02-18T23:43:36.770Z"
  }
}