{
  "lookback": 10,
  "entry_strength": 0.7150915880721277,
  "exit_strength": 0.48724599878359337,
  "stop_loss": 0.08830653919630245,
  "trailing_stop": 0.08,
  "risk_percent": 0.18278379086815608,
  "metadata": {
    "best_test_return": 255.84215719731196,
    "optimized_at": "2026-02-15T15:18:39.806Z"
  }
}