{
  "base_lookback": 12,
  "min_lookback": 10,
  "max_lookback": 45,
  "volatility_period": 12,
  "bounce_threshold": 0.038226553470273886,
  "stoch_k_period": 14,
  "stoch_d_period": 5,
  "stoch_oversold": 20,
  "stoch_overbought": 76,
  "rsi_period": 10,
  "rsi_oversold": 32,
  "rsi_overbought": 68,
  "trend_period": 28,
  "trend_threshold": -0.00626095156982749,
  "momentum_period": 4,
  "momentum_threshold": 0.007276087591033097,
  "min_bounce_bars": 1,
  "stop_loss": 0.06108115357862244,
  "trailing_stop": 0.05983567154490681,
  "profit_target": 0.18051796318457183,
  "max_hold_bars": 35,
  "risk_percent": 0.22097998589018497,
  "metadata": {
    "best_test_return": -12.229603919126248,
    "optimized_at": "2026-02-15T20:50:01.447Z"
  }
}