{
  "base_lookback": 14,
  "min_lookback": 14,
  "max_lookback": 40,
  "volatility_period": 12,
  "bounce_threshold": 0.03343348308727592,
  "stoch_k_period": 22,
  "stoch_d_period": 3,
  "stoch_oversold": 28,
  "stoch_overbought": 86,
  "momentum_period": 5,
  "momentum_threshold": 0.002,
  "min_bounce_bars": 1,
  "stop_loss": 0.09008494049158047,
  "trailing_stop": 0.08465444059691923,
  "profit_target": 0.16509006508237334,
  "max_hold_bars": 32,
  "risk_percent": 0.23692524651374142,
  "metadata": {
    "best_test_return": 13.843913331708336,
    "optimized_at": "2026-02-15T22:08:49.339Z"
  }
}